,title,mae,rmse,forecast
0,1986 in England,1.074637233429094,3.560475742988132,"2025-01-01    1.005071
2025-01-02    0.956933
2025-01-03    0.704302
2025-01-04    1.015323
2025-01-05    0.926963
2025-01-06    0.772083
2025-01-07    1.011506
Freq: D, dtype: float64"
1,Battle of Ayshal,2.418853490214935,3.583334290352333,"2025-01-01    6.856086
2025-01-02    6.917151
2025-01-03    6.917151
2025-01-04    6.917151
2025-01-05    6.917151
2025-01-06    6.917151
2025-01-07    6.917151
Freq: D, dtype: float64"
2,2012 World Mountain Running Championships,0.6131603823330333,0.8446813173546571,"2025-01-01    0.868794
2025-01-02    0.839998
2025-01-03    0.719900
2025-01-04    0.707355
2025-01-05    0.621995
2025-01-06    0.618764
2025-01-07    0.557709
Freq: D, dtype: float64"
3,Anthony Aucher,1.2389877859908138,1.900735020731975,"2025-01-01    1.504190
2025-01-02    1.451658
2025-01-03    1.476276
2025-01-04    1.476276
2025-01-05    1.476276
2025-01-06    1.476276
2025-01-07    1.476276
Freq: D, dtype: float64"
4,2008 Cotton Bowl Classic,8.160105411607539,35.89406318233023,"2025-01-01    44.975279
2025-01-02    33.459732
2025-01-03    29.562336
2025-01-04    28.243276
2025-01-05    27.796844
2025-01-06    27.645751
2025-01-07    27.594614
Freq: D, dtype: float64"
5,Brian Dear,9.159764616099837,62.59788011604075,"2025-01-01    26.243523
2025-01-02    20.796012
2025-01-03    19.643859
2025-01-04    19.400178
2025-01-05    19.348640
2025-01-06    19.337739
2025-01-07    19.335434
Freq: D, dtype: float64"
6,1981 in jazz,1.5478787117986073,2.17253045413765,"2025-01-01    1.687246
2025-01-02    1.607052
2025-01-03    1.680308
2025-01-04    1.613390
2025-01-05    1.674518
2025-01-06    1.618679
2025-01-07    1.669687
Freq: D, dtype: float64"
7,2003 King George VI and Queen Elizabeth Stakes,0.7155737772325281,1.1155498693459776,"2025-01-01    0.153734
2025-01-02    0.280438
2025-01-03    0.266417
2025-01-04    0.363285
2025-01-05    0.318375
2025-01-06    0.388825
2025-01-07    0.341443
Freq: D, dtype: float64"
8,England Knights match results,0.7653393100940378,1.439570681963651,"2024-12-31    0.015292
2025-01-01    0.019546
2025-01-02    0.020730
2025-01-03    0.021059
2025-01-04    0.021151
2025-01-05    0.021176
2025-01-06    0.021183
Freq: D, dtype: float64"
9,Bare-eared squirrel monkey,2.178889223496397,2.7890352288364637,"2025-01-01    5.464022
2025-01-02    5.577483
2025-01-03    5.577483
2025-01-04    5.577483
2025-01-05    5.577483
2025-01-06    5.577483
2025-01-07    5.577483
Freq: D, dtype: float64"
10,2009 Australian Swimming Championships,0.7996568369567936,1.9646356470866781,"2024-12-31    0.661480
2025-01-01    0.612303
2025-01-02    0.612303
2025-01-03    0.612303
2025-01-04    0.612303
2025-01-05    0.612303
2025-01-06    0.612303
Freq: D, dtype: float64"
11,Beth Hart discography,10.031159849412125,13.825289663573843,"2025-01-01    48.924576
2025-01-02    47.126675
2025-01-03    47.173405
2025-01-04    47.080076
2025-01-05    46.986931
2025-01-06    46.893971
2025-01-07    46.801194
Freq: D, dtype: float64"
12,A Strange Encounter,1.3706236691965137,1.845394132147358,"2025-01-01    1.362110
2025-01-02    1.356447
2025-01-03    1.409245
2025-01-04    1.414885
2025-01-05    1.417582
2025-01-06    1.418103
2025-01-07    1.418267
Freq: D, dtype: float64"
13,Anna-Maria Haas,0.9229181855413572,1.3374684741211915,"2025-01-01    0.72677
2025-01-02    0.72677
2025-01-03    0.72677
2025-01-04    0.72677
2025-01-05    0.72677
2025-01-06    0.72677
2025-01-07    0.72677
Freq: D, dtype: float64"
14,1896 Ole Miss Rebels football team,0.7527226449806125,1.0349527682049742,"2025-01-01    0.578046
2025-01-02    0.578046
2025-01-03    0.578046
2025-01-04    0.578046
2025-01-05    0.578046
2025-01-06    0.578046
2025-01-07    0.578046
Freq: D, dtype: float64"
15,2006 Enterprise Football League,0.4834699783693566,0.8348433030036356,"2025-01-01    0.507527
2025-01-02    0.382984
2025-01-03    0.484398
2025-01-04    0.401817
2025-01-05    0.469063
2025-01-06    0.414305
2025-01-07    0.458894
Freq: D, dtype: float64"
16,Approximation to the identity,2.2543252155552485,2.914866719619186,"2025-01-01    3.684952
2025-01-02    3.801023
2025-01-03    3.796646
2025-01-04    3.792273
2025-01-05    3.787905
2025-01-06    3.783542
2025-01-07    3.779184
Freq: D, dtype: float64"
17,Alfredo Grelak,1.0341680986565158,3.0294624656078066,"2025-01-01    1.022004
2025-01-02    1.069896
2025-01-03    1.072140
2025-01-04    1.072245
2025-01-05    1.072250
2025-01-06    1.072250
2025-01-07    1.072250
Freq: D, dtype: float64"
18,"Bangladesh International School, English Section, Riyadh",3.1368267923967927,7.367748918486446,"2025-01-01    3.431118
2025-01-02    3.453019
2025-01-03    3.454132
2025-01-04    3.454188
2025-01-05    3.454191
2025-01-06    3.454191
2025-01-07    3.454191
Freq: D, dtype: float64"
19,Bolzaneto,2.01820998603364,2.6979135190077503,"2025-01-01    4.108227
2025-01-02    4.043701
2025-01-03    4.004252
2025-01-04    3.980135
2025-01-05    3.965391
2025-01-06    3.956378
2025-01-07    3.950867
Freq: D, dtype: float64"
20,Breeder (animal),3.1201615623555563,5.504018663625697,"2025-01-01    6.986694
2025-01-02    6.808350
2025-01-03    6.792551
2025-01-04    6.791152
2025-01-05    6.791028
2025-01-06    6.791017
2025-01-07    6.791016
Freq: D, dtype: float64"
21,1974–75 Boise State Broncos men's basketball team,0.5538407443010724,0.7800311309875303,"2025-01-01    0.420033
2025-01-02    0.420033
2025-01-03    0.420033
2025-01-04    0.420033
2025-01-05    0.420033
2025-01-06    0.420033
2025-01-07    0.420033
Freq: D, dtype: float64"
22,Alexander Thoirs House,0.5796182303749204,0.7333112727320273,"2025-01-01    0.453732
2025-01-02    0.474891
2025-01-03    0.440959
2025-01-04    0.440959
2025-01-05    0.440959
2025-01-06    0.440959
2025-01-07    0.440959
Freq: D, dtype: float64"
23,2015 FIBA Europe Under-16 Championship for Women Division C,0.5388918580203123,0.7501721268572255,"2024-12-31    0.345830
2025-01-01    0.457646
2025-01-02    0.338847
2025-01-03    0.381168
2025-01-04    0.381168
2025-01-05    0.381168
2025-01-06    0.381168
Freq: D, dtype: float64"
24,Alfred Roller,3.3305095791322974,4.427380978405053,"2025-01-01    8.287535
2025-01-02    8.520167
2025-01-03    9.100340
2025-01-04    9.213258
2025-01-05    9.303451
2025-01-06    9.330793
2025-01-07    9.346219
Freq: D, dtype: float64"
25,"Birchdale, Minnesota",2.5335023949784414,14.298257706459745,"2025-01-01    0.801629
2025-01-02    1.181928
2025-01-03    1.323275
2025-01-04    1.129380
2025-01-05    1.272322
2025-01-06    1.183587
2025-01-07    1.234482
Freq: D, dtype: float64"
26,2003 FIA GT Oschersleben 500km,0.5593074162944033,1.0255082986411146,"2024-12-31    0.354952
2025-01-01    0.312330
2025-01-02    0.352435
2025-01-03    0.313431
2025-01-04    0.350077
2025-01-05    0.314382
2025-01-06    0.347866
Freq: D, dtype: float64"
27,Alicurá Dam,1.4378639984749622,3.563334801213552,"2025-01-01    1.803078
2025-01-02    1.803078
2025-01-03    1.803078
2025-01-04    1.803078
2025-01-05    1.803078
2025-01-06    1.803078
2025-01-07    1.803078
Freq: D, dtype: float64"
28,Braille pattern dots-24,1.4911629934064938,2.1541845316432684,"2025-01-01    2.135222
2025-01-02    1.958587
2025-01-03    1.789627
2025-01-04    1.844965
2025-01-05    1.796222
2025-01-06    1.826535
2025-01-07    1.805749
Freq: D, dtype: float64"
29,Ayoor,3.4071293750689136,5.707206064884383,"2025-01-01    10.740793
2025-01-02     9.732319
2025-01-03     9.622480
2025-01-04     9.610517
2025-01-05     9.609214
2025-01-06     9.609072
2025-01-07     9.609057
Freq: D, dtype: float64"
30,1973 New York Jets season,4.680274249261744,8.274402740103596,"2025-01-01    18.178670
2025-01-02    17.259212
2025-01-03    17.259212
2025-01-04    17.259212
2025-01-05    17.259212
2025-01-06    17.259212
2025-01-07    17.259212
Freq: D, dtype: float64"
31,"1,4-Cyclohexanedione",2.644891217428237,3.562611236964812,"2025-01-01    5.931790
2025-01-02    5.926534
2025-01-03    5.926534
2025-01-04    5.926534
2025-01-05    5.926534
2025-01-06    5.926534
2025-01-07    5.926534
Freq: D, dtype: float64"
32,Blastobasis leucogonia,0.11822921260911558,0.2890548489254586,"2024-12-31    0.081167
2025-01-01    0.081167
2025-01-02    0.081167
2025-01-03    0.081167
2025-01-04    0.081167
2025-01-05    0.081167
2025-01-06    0.081167
Freq: D, dtype: float64"
33,British Independent Film Awards 2010,1.4307104794619656,3.7687780480400184,"2025-01-01    1.954023
2025-01-02    1.954023
2025-01-03    1.954023
2025-01-04    1.954023
2025-01-05    1.954023
2025-01-06    1.954023
2025-01-07    1.954023
Freq: D, dtype: float64"
34,2006 Masters of Formula 3,1.529134216778062,2.5059921310251214,"2025-01-01    1.454248
2025-01-02    1.463111
2025-01-03    1.439618
2025-01-04    1.483525
2025-01-05    1.460235
2025-01-06    1.478224
2025-01-07    1.466953
Freq: D, dtype: float64"
35,Balázs Hajdú,0.6408421470018821,1.1190159840387042,"2024-12-30    0.882281
2024-12-31    0.677085
2025-01-01    0.850495
2025-01-02    0.789800
2025-01-03    0.723230
2025-01-04    0.756715
2025-01-05    0.732215
Freq: D, dtype: float64"
36,3 cm MK 303 Flak,6.2530598685996175,11.335192720093174,"2025-01-01    32.564587
2025-01-02    34.137512
2025-01-03    34.137512
2025-01-04    34.137512
2025-01-05    34.137512
2025-01-06    34.137512
2025-01-07    34.137512
Freq: D, dtype: float64"
37,Baarìa,0.8642695574295503,3.4268293926386537,"2025-01-01    0.169830
2025-01-02    0.184217
2025-01-03    0.184821
2025-01-04    0.184203
2025-01-05    0.183477
2025-01-06    0.182741
2025-01-07    0.182004
Freq: D, dtype: float64"
38,"Bogert House (Demarest, New Jersey)",0.5797166031661215,0.7800036945486246,"2025-01-01    0.395311
2025-01-02    0.374831
2025-01-03    0.411772
2025-01-04    0.407567
2025-01-05    0.405203
2025-01-06    0.403873
2025-01-07    0.403125
Freq: D, dtype: float64"
39,Antonio Tublén,1.0434992239814942,1.3532253622844537,"2025-01-01    0.761958
2025-01-02    0.811488
2025-01-03    0.811488
2025-01-04    0.811488
2025-01-05    0.811488
2025-01-06    0.811488
2025-01-07    0.811488
Freq: D, dtype: float64"
40,1965 Upper Voltan parliamentary election,0.6074243706582338,0.8342672952189804,"2025-01-01    0.365001
2025-01-02    0.393130
2025-01-03    0.408700
2025-01-04    0.417318
2025-01-05    0.422088
2025-01-06    0.424729
2025-01-07    0.426190
Freq: D, dtype: float64"
41,APE 4.80,0.6857105439037425,0.9520770505290383,"2025-01-01    1.196335
2025-01-02    1.196335
2025-01-03    1.196335
2025-01-04    1.196335
2025-01-05    1.196335
2025-01-06    1.196335
2025-01-07    1.196335
Freq: D, dtype: float64"
42,5DX,3.748202782741562,5.199819572042711,"2025-01-01    5.218179
2025-01-02    5.523677
2025-01-03    6.321861
2025-01-04    5.750391
2025-01-05    6.159542
2025-01-06    5.866606
2025-01-07    6.076337
Freq: D, dtype: float64"
43,Australs Football Club,0.6319035962544194,0.8146952116971298,"2025-01-01    0.610704
2025-01-02    0.513392
2025-01-03    0.495504
2025-01-04    0.495504
2025-01-05    0.495504
2025-01-06    0.495504
2025-01-07    0.495504
Freq: D, dtype: float64"
44,Arcadia High School (Louisiana),1.0737592290584062,1.4560626827236112,"2025-01-01    1.999358
2025-01-02    1.868596
2025-01-03    1.860049
2025-01-04    1.859491
2025-01-05    1.859454
2025-01-06    1.859452
2025-01-07    1.859452
Freq: D, dtype: float64"
45,Bibliome,0.9369667471153306,1.256230807325226,"2025-01-01    0.737340
2025-01-02    0.717838
2025-01-03    0.716390
2025-01-04    0.716282
2025-01-05    0.716274
2025-01-06    0.716273
2025-01-07    0.716273
Freq: D, dtype: float64"
46,2009 Harmony Gold mine deaths,1.6880154778071188,2.68994542898325,"2025-01-01    4.696657
2025-01-02    4.602967
2025-01-03    4.574311
2025-01-04    4.565500
2025-01-05    4.562799
2025-01-06    4.561969
2025-01-07    4.561714
Freq: D, dtype: float64"
47,Altynay Sapargalieva,1.7286931690277676,3.199836420086344,"2025-01-01    2.618572
2025-01-02    2.775440
2025-01-03    2.388032
2025-01-04    2.246687
2025-01-05    2.167972
2025-01-06    2.124136
2025-01-07    2.099724
Freq: D, dtype: float64"
48,Bekovsky District,0.767202128519751,1.081510722813931,"2025-01-01    0.751641
2025-01-02    0.631505
2025-01-03    0.682004
2025-01-04    0.682004
2025-01-05    0.682004
2025-01-06    0.682004
2025-01-07    0.682004
Freq: D, dtype: float64"
49,Ballistic movement,4.963189475983805,6.93486807160693,"2025-01-01    9.625537
2025-01-02    9.893292
2025-01-03    9.893292
2025-01-04    9.893292
2025-01-05    9.893292
2025-01-06    9.893292
2025-01-07    9.893292
Freq: D, dtype: float64"
50,Argentina (river),1.0498814222811614,2.194109540183273,"2025-01-01    1.101305
2025-01-02    1.130848
2025-01-03    1.139464
2025-01-04    1.141976
2025-01-05    1.142709
2025-01-06    1.142923
2025-01-07    1.142985
Freq: D, dtype: float64"
51,Anwar Mohamed Ali,0.5155860182953014,0.6996550838413181,"2024-12-30    0.397109
2024-12-31    0.352166
2025-01-01    0.348815
2025-01-02    0.348566
2025-01-03    0.348547
2025-01-04    0.348546
2025-01-05    0.348545
Freq: D, dtype: float64"
52,2012 Canadian Masters Curling Championships,0.610893687560796,1.326471024083575,"2025-01-01    0.368951
2025-01-02    0.381681
2025-01-03    0.347895
2025-01-04    0.353579
2025-01-05    0.334914
2025-01-06    0.337299
2025-01-07    0.326956
Freq: D, dtype: float64"
53,2013 Asian Tour,1.2432417446587518,1.7869629600027834,"2025-01-01    1.237669
2025-01-02    1.213249
2025-01-03    1.422757
2025-01-04    1.160941
2025-01-05    1.144184
2025-01-06    1.155345
2025-01-07    1.129354
Freq: D, dtype: float64"
54,1982 Victorian state election,5.032981169481873,12.351616494871394,"2025-01-01     4.349684
2025-01-02     6.946223
2025-01-03     7.992295
2025-01-04     8.798983
2025-01-05     9.421067
2025-01-06     9.900793
2025-01-07    10.270739
Freq: D, dtype: float64"
55,Beauchemin (surname),0.9128768146470043,1.2579727564454641,"2025-01-01    1.094382
2025-01-02    1.104293
2025-01-03    1.099390
2025-01-04    1.106383
2025-01-05    1.102700
2025-01-06    1.107645
2025-01-07    1.104894
Freq: D, dtype: float64"
56,1994 Plzeň municipal election,0.541843622342617,0.6957221969406167,"2025-01-01    0.131216
2025-01-02    0.131216
2025-01-03    0.131216
2025-01-04    0.131216
2025-01-05    0.131216
2025-01-06    0.131216
2025-01-07    0.131216
Freq: D, dtype: float64"
57,Brian McCarthy Memorial Moosehead Award,0.852630443610012,1.3630359570605153,"2025-01-01    0.35454
2025-01-02    0.35454
2025-01-03    0.35454
2025-01-04    0.35454
2025-01-05    0.35454
2025-01-06    0.35454
2025-01-07    0.35454
Freq: D, dtype: float64"
58,1990s in Angola,1.8296355464305067,3.8472314595701103,"2025-01-01    2.929111
2025-01-02    2.795712
2025-01-03    2.427881
2025-01-04    2.611384
2025-01-05    2.410163
2025-01-06    2.562802
2025-01-07    2.428995
Freq: D, dtype: float64"
59,2006 Grand Prix SAR La Princesse Lalla Meryem – Doubles,0.43552723243884145,0.74965556829412,"2024-12-31    0.272727
2025-01-01    0.272727
2025-01-02    0.272727
2025-01-03    0.272727
2025-01-04    0.272727
2025-01-05    0.272727
2025-01-06    0.272727
Freq: D, dtype: float64"
60,"Anytime, Any Place, Anywhere",1.3421370977744236,1.7113398159289506,"2025-01-01    1.425093
2025-01-02    1.425093
2025-01-03    1.425093
2025-01-04    1.425093
2025-01-05    1.425093
2025-01-06    1.425093
2025-01-07    1.425093
Freq: D, dtype: float64"
61,Alton C. Parker,2.599638687574656,4.79389788558283,"2025-01-01    1.894112
2025-01-02    1.688493
2025-01-03    1.669060
2025-01-04    1.669060
2025-01-05    1.669060
2025-01-06    1.669060
2025-01-07    1.669060
Freq: D, dtype: float64"
62,Beth Rowley,35.22337872036545,171.65452549366844,"2025-01-01    567.565415
2025-01-02    572.302434
2025-01-03    561.570678
2025-01-04    546.345696
2025-01-05    531.533486
2025-01-06    517.122855
2025-01-07    503.102918
Freq: D, dtype: float64"
63,1979 Tasmanian state election,1.9630378064185106,4.170789842397878,"2025-01-01    3.065231
2025-01-02    3.419592
2025-01-03    3.018085
2025-01-04    3.285758
2025-01-05    3.107458
2025-01-06    3.226364
2025-01-07    3.147195
Freq: D, dtype: float64"
64,1937 Colombian parliamentary election,0.6202353558650588,0.7958509894695102,"2025-01-01    0.641827
2025-01-02    0.641966
2025-01-03    0.642104
2025-01-04    0.642243
2025-01-05    0.642382
2025-01-06    0.642520
2025-01-07    0.642659
Freq: D, dtype: float64"
65,142nd New York State Legislature,1.1633920371037838,2.078284815580136,"2025-01-01    0.951633
2025-01-02    0.734803
2025-01-03    0.734803
2025-01-04    0.734803
2025-01-05    0.734803
2025-01-06    0.734803
2025-01-07    0.734803
Freq: D, dtype: float64"
66,Aikido World Championships,2.7735144207911366,3.733616946779924,"2025-01-01    6.384624
2025-01-02    6.490205
2025-01-03    6.498255
2025-01-04    6.498869
2025-01-05    6.498916
2025-01-06    6.498920
2025-01-07    6.498920
Freq: D, dtype: float64"
67,2020–21 Northern Colorado Bears men's basketball team,1.2557393367853327,2.2695528142250803,"2025-01-01    1.139520
2025-01-02    1.067661
2025-01-03    1.061661
2025-01-04    1.061159
2025-01-05    1.061118
2025-01-06    1.061114
2025-01-07    1.061114
Freq: D, dtype: float64"
68,Bought priesthood,2.076441425413204,5.958037469705686,"2025-01-01    4.948691
2025-01-02    2.100967
2025-01-03    0.948571
2025-01-04    2.624536
2025-01-05    1.551795
2025-01-06    1.996542
2025-01-07    1.909571
Freq: D, dtype: float64"
69,2005 Lombard regional election,1.642439830602097,2.773350999017074,"2025-01-01    2.214905
2025-01-02    1.748930
2025-01-03    1.959113
2025-01-04    1.774327
2025-01-05    1.910734
2025-01-06    1.777819
2025-01-07    1.887441
Freq: D, dtype: float64"
70,2010 AFF Championship,29.652849236468867,107.57268160058881,"2025-01-01    229.718906
2025-01-02    393.536608
2025-01-03    303.746800
2025-01-04    211.885324
2025-01-05    314.533230
2025-01-06    302.706710
2025-01-07    212.963824
Freq: D, dtype: float64"
71,Acielle,0.9013077686724846,1.3534963517776715,"2025-01-01    0.902165
2025-01-02    0.758687
2025-01-03    0.820153
2025-01-04    0.815917
2025-01-05    0.820898
2025-01-06    0.821227
2025-01-07    0.821727
Freq: D, dtype: float64"
72,Breathless Mahoney,11.926558672682175,24.309037605741445,"2025-01-01    67.880188
2025-01-02    64.686440
2025-01-03    63.430250
2025-01-04    62.936156
2025-01-05    62.741815
2025-01-06    62.665375
2025-01-07    62.635310
Freq: D, dtype: float64"
73,Becky (disambiguation),4.5494955151662975,8.105909966906134,"2025-01-01    20.904088
2025-01-02    18.253334
2025-01-03    16.651943
2025-01-04    14.210531
2025-01-05    12.641817
2025-01-06    11.703263
2025-01-07    10.649930
Freq: D, dtype: float64"
74,2005 Bahrain Grand Prix,13.913335158581756,34.152348234157955,"2025-01-01    40.812220
2025-01-02    42.168157
2025-01-03    43.182728
2025-01-04    43.941909
2025-01-05    44.510021
2025-01-06    44.935186
2025-01-07    45.253407
Freq: D, dtype: float64"
75,1955 in Iran,0.928218280286558,1.2599458647965474,"2025-01-01    1.051136
2025-01-02    1.051136
2025-01-03    1.051136
2025-01-04    1.051136
2025-01-05    1.051136
2025-01-06    1.051136
2025-01-07    1.051136
Freq: D, dtype: float64"
76,Albert E. Bodwell,0.4834700336293789,0.6710240964790647,"2025-01-01    0.451935
2025-01-02    0.451935
2025-01-03    0.451935
2025-01-04    0.451935
2025-01-05    0.451935
2025-01-06    0.451935
2025-01-07    0.451935
Freq: D, dtype: float64"
77,1960–61 South Africa rugby union tour of Europe,2.1521711993298798,2.9318670205954516,"2025-01-01    3.819371
2025-01-02    3.748571
2025-01-03    3.829552
2025-01-04    3.779998
2025-01-05    3.737132
2025-01-06    3.773445
2025-01-07    3.747885
Freq: D, dtype: float64"
78,Association Electronique Libre,0.9089350642316373,4.00955364258821,"2025-01-01    0.346422
2025-01-02    0.346422
2025-01-03    0.346422
2025-01-04    0.346422
2025-01-05    0.346422
2025-01-06    0.346422
2025-01-07    0.346422
Freq: D, dtype: float64"
79,After the Reality,3.126502874003622,4.422260563254574,"2025-01-01     9.793503
2025-01-02     9.848867
2025-01-03     9.992938
2025-01-04    10.041471
2025-01-05    10.078191
2025-01-06    10.096151
2025-01-07    10.107044
Freq: D, dtype: float64"
80,Abqaiq oil field,2.2201297894007976,3.02836851776091,"2025-01-01    4.290147
2025-01-02    4.667410
2025-01-03    4.729558
2025-01-04    4.739795
2025-01-05    4.741482
2025-01-06    4.741760
2025-01-07    4.741806
Freq: D, dtype: float64"
81,Angler's loop,4.96351195094328,9.204650543536664,"2025-01-01    13.023277
2025-01-02    12.744441
2025-01-03    12.664838
2025-01-04    12.642112
2025-01-05    12.635625
2025-01-06    12.633773
2025-01-07    12.633244
Freq: D, dtype: float64"
82,B. Murali,1.7090374402617847,2.5784680220577805,"2025-01-01    1.191116
2025-01-02    1.232222
2025-01-03    1.241063
2025-01-04    1.242965
2025-01-05    1.243374
2025-01-06    1.243462
2025-01-07    1.243481
Freq: D, dtype: float64"
83,Brengues,0.6694657128189301,0.8516189811982234,"2025-01-01    0.742541
2025-01-02    0.598667
2025-01-03    0.605953
2025-01-04    0.577010
2025-01-05    0.593756
2025-01-06    0.578852
2025-01-07    0.590408
Freq: D, dtype: float64"
84,Brion Island,1.7111144318180278,2.554867211280267,"2025-01-01    2.582437
2025-01-02    2.639367
2025-01-03    2.876943
2025-01-04    2.724708
2025-01-05    2.804958
2025-01-06    2.911088
2025-01-07    2.816903
Freq: D, dtype: float64"
85,1972 presidential election,3.113125991649078,4.818969081564327,"2025-01-01    14.231593
2025-01-02    12.681116
2025-01-03    11.935631
2025-01-04    11.432191
2025-01-05    11.129237
2025-01-06    10.940197
2025-01-07    10.823611
Freq: D, dtype: float64"
86,Acacia retivenea,0.49493896900199197,0.7565943634261686,"2025-01-01    0.307774
2025-01-02    0.317968
2025-01-03    0.334006
2025-01-04    0.334006
2025-01-05    0.334006
2025-01-06    0.334006
2025-01-07    0.334006
Freq: D, dtype: float64"
87,Arctogymnites,0.5812526580720755,0.7397379180024503,"2024-12-31    0.347895
2025-01-01    0.364794
2025-01-02    0.364794
2025-01-03    0.364794
2025-01-04    0.364794
2025-01-05    0.364794
2025-01-06    0.364794
Freq: D, dtype: float64"
88,1945 All-Pro Team,1.0248588271350294,3.2834030516871535,"2025-01-01    1.018062
2025-01-02    1.018062
2025-01-03    1.018062
2025-01-04    1.018062
2025-01-05    1.018062
2025-01-06    1.018062
2025-01-07    1.018062
Freq: D, dtype: float64"
89,1998–99 KBL season,0.791695649665306,1.1685494773238263,"2025-01-01    0.459300
2025-01-02    0.505229
2025-01-03    0.509821
2025-01-04    0.510281
2025-01-05    0.510326
2025-01-06    0.510331
2025-01-07    0.510331
Freq: D, dtype: float64"
90,Appeals Selection Committee of the Supreme Court of Norway,0.762014443922173,0.9768256411092572,"2025-01-01    0.683061
2025-01-02    0.707333
2025-01-03    0.708195
2025-01-04    0.708226
2025-01-05    0.708227
2025-01-06    0.708227
2025-01-07    0.708227
Freq: D, dtype: float64"
91,Acteonella,1.3287609850167712,1.7924304140313714,"2025-01-01    2.191762
2025-01-02    1.988334
2025-01-03    1.988334
2025-01-04    1.988334
2025-01-05    1.988334
2025-01-06    1.988334
2025-01-07    1.988334
Freq: D, dtype: float64"
92,B*,5.935382216382294,8.234026884549705,"2025-01-01    14.615437
2025-01-02    14.850331
2025-01-03    14.850331
2025-01-04    14.850331
2025-01-05    14.850331
2025-01-06    14.850331
2025-01-07    14.850331
Freq: D, dtype: float64"
93,Bon Bon Buddy,0.8952086940474805,1.1720487828947233,"2025-01-01    1.378495
2025-01-02    1.409578
2025-01-03    1.372827
2025-01-04    1.372827
2025-01-05    1.372827
2025-01-06    1.372827
2025-01-07    1.372827
Freq: D, dtype: float64"
94,8 Days,2.7858206344870986,4.836900364423569,"2025-01-01    2.726362
2025-01-02    1.964449
2025-01-03    1.687418
2025-01-04    1.668822
2025-01-05    1.650227
2025-01-06    1.631631
2025-01-07    1.613035
Freq: D, dtype: float64"
95,Adhithan Kanavu,2.687499923555942,4.910732225185884,"2025-01-01    4.136864
2025-01-02    3.664736
2025-01-03    3.664736
2025-01-04    3.664736
2025-01-05    3.664736
2025-01-06    3.664736
2025-01-07    3.664736
Freq: D, dtype: float64"
96,Bombay night frog,1.9259689131198918,3.3736544269543933,"2025-01-01    4.517669
2025-01-02    5.971276
2025-01-03    5.971276
2025-01-04    5.971276
2025-01-05    5.971276
2025-01-06    5.971276
2025-01-07    5.971276
Freq: D, dtype: float64"
97,Andrés Torres (cyclist),0.3693233997430938,0.5288529598239288,"2025-01-01    0.206118
2025-01-02    0.206118
2025-01-03    0.206118
2025-01-04    0.206118
2025-01-05    0.206118
2025-01-06    0.206118
2025-01-07    0.206118
Freq: D, dtype: float64"
98,Aztec Lady,2.2758519773444466,2.8810315206171024,"2025-01-01    5.619772
2025-01-02    5.675139
2025-01-03    5.757878
2025-01-04    5.757878
2025-01-05    5.757878
2025-01-06    5.757878
2025-01-07    5.757878
Freq: D, dtype: float64"
99,2006 Masters of Curling (December),0.4443383968607578,0.7460861098393663,"2025-01-01    0.213522
2025-01-02    0.213522
2025-01-03    0.213522
2025-01-04    0.213522
2025-01-05    0.213522
2025-01-06    0.213522
2025-01-07    0.213522
Freq: D, dtype: float64"
100,Aer language,2.830581237516585,3.7171961380447565,"2025-01-01    11.018259
2025-01-02    11.183113
2025-01-03    11.100444
2025-01-04    11.216876
2025-01-05    11.235258
2025-01-06    11.240081
2025-01-07    11.248520
Freq: D, dtype: float64"
101,"Almond, North Carolina",2.644150292733908,3.425251767640577,"2025-01-01    8.157062
2025-01-02    7.916431
2025-01-03    7.763573
2025-01-04    7.737311
2025-01-05    7.727752
2025-01-06    7.725603
2025-01-07    7.724954
Freq: D, dtype: float64"
102,Barra Castle,2.211359364025147,3.01371534511785,"2025-01-01    2.865816
2025-01-02    2.708376
2025-01-03    2.889713
2025-01-04    2.713039
2025-01-05    2.875678
2025-01-06    2.714796
2025-01-07    2.862282
Freq: D, dtype: float64"
103,1993 Arab Athletics Championships,0.7705039091105695,1.1136731642311122,"2025-01-01    0.457774
2025-01-02    0.400082
2025-01-03    0.466660
2025-01-04    0.368250
2025-01-05    0.436684
2025-01-06    0.385688
2025-01-07    0.418894
Freq: D, dtype: float64"
104,366th Bombardment Squadron,1.3167786341719956,1.815181319383551,"2025-01-01    2.031590
2025-01-02    1.951657
2025-01-03    1.945060
2025-01-04    1.944515
2025-01-05    1.944470
2025-01-06    1.944466
2025-01-07    1.944466
Freq: D, dtype: float64"
105,Adirondack Iron and Steel Company,1.2457065443872535,3.213636931529263,"2025-01-01    1.594964
2025-01-02    1.594964
2025-01-03    1.594964
2025-01-04    1.594964
2025-01-05    1.594964
2025-01-06    1.594964
2025-01-07    1.594964
Freq: D, dtype: float64"
106,Antoine Hamid Mourany,0.5177586329664411,0.6735736513581162,"2025-01-01    0.375292
2025-01-02    0.375292
2025-01-03    0.375292
2025-01-04    0.375292
2025-01-05    0.375292
2025-01-06    0.375292
2025-01-07    0.375292
Freq: D, dtype: float64"
107,Beatrice Cherrier,1.97074747444075,3.3042533846714597,"2025-01-01    1.227534
2025-01-02    1.061485
2025-01-03    1.025791
2025-01-04    1.018118
2025-01-05    1.016469
2025-01-06    1.016114
2025-01-07    1.016038
Freq: D, dtype: float64"
108,Aminata Savadogo,13.45924345156724,39.601114916094986,"2025-01-01    85.900631
2025-01-02    66.428103
2025-01-03    58.709759
2025-01-04    48.162690
2025-01-05    44.659986
2025-01-06    38.885924
2025-01-07    37.385752
Freq: D, dtype: float64"
109,50minutes,0.7300726402189797,0.9355501586431171,"2025-01-01    0.865687
2025-01-02    0.772339
2025-01-03    0.772339
2025-01-04    0.772339
2025-01-05    0.772339
2025-01-06    0.772339
2025-01-07    0.772339
Freq: D, dtype: float64"
110,Affect (rhetoric),1.342304941413601,1.8166562773716988,"2025-01-01    1.043272
2025-01-02    1.042196
2025-01-03    1.037511
2025-01-04    1.032847
2025-01-05    1.028203
2025-01-06    1.023581
2025-01-07    1.018979
Freq: D, dtype: float64"
111,"Bought for a Dollar, Sold for a Dime",1.0304892773942658,1.470020300732706,"2025-01-01    0.751639
2025-01-02    0.782058
2025-01-03    0.752749
2025-01-04    0.752496
2025-01-05    0.752244
2025-01-06    0.751991
2025-01-07    0.751739
Freq: D, dtype: float64"
112,2012–13 PFC Levski Sofia season,1.5685159120806413,2.4641035051229143,"2025-01-01    1.622243
2025-01-02    1.546078
2025-01-03    1.399229
2025-01-04    1.387215
2025-01-05    1.380309
2025-01-06    1.379389
2025-01-07    1.379043
Freq: D, dtype: float64"
113,1991 John Hancock Bowl,2.3851828389759406,5.421194083127115,"2025-01-01    54.717119
2025-01-02    37.007256
2025-01-03    38.871484
2025-01-04    30.761569
2025-01-05    29.219482
2025-01-06    24.780397
2025-01-07    22.681199
Freq: D, dtype: float64"
114,Benn John Valsø,0.3334848358603322,0.5049803278300351,"2025-01-01    0.287493
2025-01-02    0.251475
2025-01-03    0.210002
2025-01-04    0.242928
2025-01-05    0.219034
2025-01-06    0.214428
2025-01-07    0.219422
Freq: D, dtype: float64"
115,2016 Campeonato Gaúcho,1.299379470654215,3.57847837413506,"2025-01-01    1.501930
2025-01-02    1.399928
2025-01-03    1.375915
2025-01-04    1.394609
2025-01-05    1.376941
2025-01-06    1.390233
2025-01-07    1.377165
Freq: D, dtype: float64"
116,Antonio Ullo,0.7194273063446357,1.0841162845079566,"2025-01-01    1.152687
2025-01-02    0.626757
2025-01-03    0.625523
2025-01-04    0.624293
2025-01-05    0.623064
2025-01-06    0.621839
2025-01-07    0.620615
Freq: D, dtype: float64"
117,Alba Encarnación,0.6894707961787977,0.8969520054527396,"2025-01-01    0.579662
2025-01-02    0.526012
2025-01-03    0.545714
2025-01-04    0.545714
2025-01-05    0.545714
2025-01-06    0.545714
2025-01-07    0.545714
Freq: D, dtype: float64"
118,1983 Segunda División de Chile,0.43673286430519065,0.7212245929391271,"2025-01-01    0.154694
2025-01-02    0.168050
2025-01-03    0.169203
2025-01-04    0.169302
2025-01-05    0.169311
2025-01-06    0.169311
2025-01-07    0.169311
Freq: D, dtype: float64"
119,2013 British Academy Television Awards,3.36144749024568,4.7839258866407235,"2025-01-01    8.730832
2025-01-02    8.175087
2025-01-03    7.890892
2025-01-04    7.804227
2025-01-05    7.771768
2025-01-06    7.760650
2025-01-07    7.756696
Freq: D, dtype: float64"
120,Brian McCargo,0.712691069812203,1.010589509308909,"2025-01-01    0.565427
2025-01-02    0.577866
2025-01-03    0.587746
2025-01-04    0.572612
2025-01-05    0.572612
2025-01-06    0.572612
2025-01-07    0.572612
Freq: D, dtype: float64"
121,Area code 406,19.03371810311453,34.80502352442958,"2025-01-01    63.444103
2025-01-02    67.449381
2025-01-03    67.889521
2025-01-04    67.937888
2025-01-05    67.943203
2025-01-06    67.943787
2025-01-07    67.943851
Freq: D, dtype: float64"
122,2009 AFL Army Award,0.43032215252642797,0.7913687041984636,"2024-12-31    0.293442
2025-01-01    0.293442
2025-01-02    0.293442
2025-01-03    0.293442
2025-01-04    0.293442
2025-01-05    0.293442
2025-01-06    0.293442
Freq: D, dtype: float64"
123,2010 in Japanese football,0.601357151055798,1.0325959074216466,"2025-01-01    0.351901
2025-01-02    0.309511
2025-01-03    0.297656
2025-01-04    0.346590
2025-01-05    0.300563
2025-01-06    0.312315
2025-01-07    0.337307
Freq: D, dtype: float64"
124,A Strange Arrangement,2.771481171603317,3.5415336896963927,"2025-01-01    7.169688
2025-01-02    7.280967
2025-01-03    6.767005
2025-01-04    6.733212
2025-01-05    6.674453
2025-01-06    6.665545
2025-01-07    6.658377
Freq: D, dtype: float64"
125,2009 Liga Nacional de Ascenso,0.3136292500931453,0.5978061866780386,"2025-01-01    0.286900
2025-01-02    0.445961
2025-01-03    0.271348
2025-01-04    0.360815
2025-01-05    0.388817
2025-01-06    0.283292
2025-01-07    0.391385
Freq: D, dtype: float64"
126,1919 Aberdeenshire and Kincardineshire Central by-election,0.5677549198529629,0.9677708303262185,"2024-12-31    0.185345
2025-01-01    0.198911
2025-01-02    0.203960
2025-01-03    0.199888
2025-01-04    0.202702
2025-01-05    0.198848
2025-01-06    0.201272
Freq: D, dtype: float64"
127,2005 in Fighting Network Rings,1.1759614214661906,1.7489410433593433,"2025-01-01    1.069070
2025-01-02    0.849758
2025-01-03    1.021778
2025-01-04    0.832568
2025-01-05    1.005196
2025-01-06    0.835036
2025-01-07    0.997667
Freq: D, dtype: float64"
128,Alexandra Stréliski,15.105320033581016,46.3181084174154,"2025-01-01    29.652582
2025-01-02    29.907476
2025-01-03    30.004549
2025-01-04    30.041518
2025-01-05    30.055597
2025-01-06    30.060959
2025-01-07    30.063001
Freq: D, dtype: float64"
129,Bad Medicine,1.4481995302399868,2.1609284874862285,"2025-01-01    1.572900
2025-01-02    1.282540
2025-01-03    1.247803
2025-01-04    1.243648
2025-01-05    1.243150
2025-01-06    1.243091
2025-01-07    1.243084
Freq: D, dtype: float64"
130,20th Lancers (British Indian Army),2.0631094128059546,2.7050574561707093,"2025-01-01    3.536642
2025-01-02    3.519531
2025-01-03    3.519531
2025-01-04    3.519531
2025-01-05    3.519531
2025-01-06    3.519531
2025-01-07    3.519531
Freq: D, dtype: float64"
131,All People's Party (UK),1.5843750172665627,2.2021101332191573,"2025-01-01    1.780571
2025-01-02    1.866849
2025-01-03    1.859073
2025-01-04    1.869781
2025-01-05    1.871743
2025-01-06    1.873929
2025-01-07    1.874864
Freq: D, dtype: float64"
132,Bolster (surname),0.5273914031377038,0.7241756349853837,"2024-12-31    0.364803
2025-01-01    0.347497
2025-01-02    0.355863
2025-01-03    0.348888
2025-01-04    0.354240
2025-01-05    0.349729
2025-01-06    0.353110
Freq: D, dtype: float64"
133,Arthur Hall (New Zealand politician),0.5633731816126255,1.0194201911246052,"2025-01-01    0.794253
2025-01-02    0.802231
2025-01-03    0.353410
2025-01-04    0.364530
2025-01-05    0.476172
2025-01-06    0.287793
2025-01-07    0.433550
Freq: D, dtype: float64"
134,Brit Asia TV,2.807429615242314,4.292166360462618,"2025-01-01    6.184282
2025-01-02    6.189748
2025-01-03    6.094897
2025-01-04    6.327891
2025-01-05    6.167623
2025-01-06    6.314887
2025-01-07    6.217679
Freq: D, dtype: float64"
135,Archaeological Museum of Paros,1.5812170893123432,2.6090528092602567,"2025-01-01    1.445282
2025-01-02    1.277585
2025-01-03    1.352546
2025-01-04    1.324426
2025-01-05    1.337046
2025-01-06    1.332332
2025-01-07    1.334457
Freq: D, dtype: float64"
136,Borneo Lodge of Harmony,0.5769732276283835,0.8630113904910904,"2025-01-01    0.350807
2025-01-02    0.365196
2025-01-03    0.375178
2025-01-04    0.382102
2025-01-05    0.386906
2025-01-06    0.390239
2025-01-07    0.392550
Freq: D, dtype: float64"
137,Arbor Lakes,2.1997061630243597,3.0272984718091958,"2025-01-01    6.737523
2025-01-02    6.914605
2025-01-03    7.036062
2025-01-04    7.160980
2025-01-05    7.153269
2025-01-06    7.177374
2025-01-07    7.180191
Freq: D, dtype: float64"
138,Achyrocline mollis,0.4835832057089324,0.6828944132315645,"2025-01-01    0.342287
2025-01-02    0.303715
2025-01-03    0.320172
2025-01-04    0.320172
2025-01-05    0.320172
2025-01-06    0.320172
2025-01-07    0.320172
Freq: D, dtype: float64"
139,Bogess Creek,0.3199996924844563,0.52574074850799,"2025-01-01    0.325276
2025-01-02    0.325276
2025-01-03    0.325276
2025-01-04    0.325276
2025-01-05    0.325276
2025-01-06    0.325276
2025-01-07    0.325276
Freq: D, dtype: float64"
140,1997–98 Inverness Caledonian Thistle F.C. season,0.7729431846695974,1.1930894388769169,"2025-01-01    0.674663
2025-01-02    0.638062
2025-01-03    0.694683
2025-01-04    0.636306
2025-01-05    0.671637
2025-01-06    0.652225
2025-01-07    0.651812
Freq: D, dtype: float64"
141,Alicyn Packard,33.313447347603876,41.84543268754307,"2025-01-01   -4.284153
2025-01-02   -0.994142
2025-01-03   -0.690532
2025-01-04   -0.352403
2025-01-05   -0.179844
2025-01-06   -0.091781
2025-01-07   -0.046839
Freq: D, dtype: float64"
142,AMY2A,1.7413391648174963,2.3083085220967923,"2025-01-01    2.912016
2025-01-02    2.995025
2025-01-03    3.057283
2025-01-04    3.067928
2025-01-05    3.072631
2025-01-06    3.073698
2025-01-07    3.074077
Freq: D, dtype: float64"
143,BHN (disambiguation),0.9056244651148436,1.269585277997183,"2025-01-01    0.798422
2025-01-02    0.947252
2025-01-03    0.866752
2025-01-04    0.927194
2025-01-05    0.880760
2025-01-06    0.915369
2025-01-07    0.888524
Freq: D, dtype: float64"
144,Big Whiteshell Lake,1.124658960726194,1.5375270352016317,"2025-01-01    0.865027
2025-01-02    0.812746
2025-01-03    0.806483
2025-01-04    0.809168
2025-01-05    0.806840
2025-01-06    0.808747
2025-01-07    0.807180
Freq: D, dtype: float64"
145,2012–13 PFC Cherno More Varna season,0.6684728329754461,2.369870477320724,"2025-01-01    0.310887
2025-01-02    0.276664
2025-01-03    0.242566
2025-01-04    0.783861
2025-01-05    0.384174
2025-01-06    0.379248
2025-01-07    0.470925
Freq: D, dtype: float64"
146,Allium nanodes,0.4394893018357334,0.675450232621565,"2025-01-01    0.323487
2025-01-02    0.284810
2025-01-03    0.282598
2025-01-04    0.282472
2025-01-05    0.282465
2025-01-06    0.282464
2025-01-07    0.282464
Freq: D, dtype: float64"
147,270th Infantry Division (Wehrmacht),1.1247319827447286,1.4863945664105835,"2025-01-01    1.339222
2025-01-02    1.399530
2025-01-03    1.470945
2025-01-04    1.386552
2025-01-05    1.386552
2025-01-06    1.386552
2025-01-07    1.386552
Freq: D, dtype: float64"
148,Alvin Saunders Johnson,3.0738475866172723,4.993313754917312,"2025-01-01    6.081174
2025-01-02    6.081174
2025-01-03    6.081174
2025-01-04    6.081174
2025-01-05    6.081174
2025-01-06    6.081174
2025-01-07    6.081174
Freq: D, dtype: float64"
149,Barbarea balcana,0.692353772096746,0.9054954482054127,"2025-01-01    0.379488
2025-01-02    0.379488
2025-01-03    0.379488
2025-01-04    0.379488
2025-01-05    0.379488
2025-01-06    0.379488
2025-01-07    0.379488
Freq: D, dtype: float64"
150,Anti-nRNP,4.360102141583884,5.584838721751737,"2025-01-01    8.542213
2025-01-02    8.917175
2025-01-03    8.907232
2025-01-04    8.897289
2025-01-05    8.887346
2025-01-06    8.877403
2025-01-07    8.867460
Freq: D, dtype: float64"
151,Beat Box (SpotemGottem song),60.03549048840257,282.5093239202936,"2025-01-01    26.939205
2025-01-02    28.451595
2025-01-03    27.309042
2025-01-04    28.172197
2025-01-05    27.520117
2025-01-06    28.012739
2025-01-07    27.640581
Freq: D, dtype: float64"
152,10K Plan,1.1578141543856215,3.013264975339699,"2025-01-01    1.129276
2025-01-02    1.139139
2025-01-03    1.139139
2025-01-04    1.139139
2025-01-05    1.139139
2025-01-06    1.139139
2025-01-07    1.139139
Freq: D, dtype: float64"
153,Barry Liebmann,0.9124520024242577,2.8197575270715083,"2025-01-01    0.877395
2025-01-02    0.877395
2025-01-03    0.877395
2025-01-04    0.877395
2025-01-05    0.877395
2025-01-06    0.877395
2025-01-07    0.877395
Freq: D, dtype: float64"
154,2009 Serbia Open,1.7171448607269977,4.36013794303687,"2025-01-01    1.697141
2025-01-02    1.618448
2025-01-03    1.598001
2025-01-04    1.592688
2025-01-05    1.591307
2025-01-06    1.590949
2025-01-07    1.590855
Freq: D, dtype: float64"
155,7.7 cm FK 96 n.A.,9.535118714894832,13.465861316539895,"2025-01-01    55.110817
2025-01-02    54.991448
2025-01-03    54.975423
2025-01-04    54.973272
2025-01-05    54.972983
2025-01-06    54.972944
2025-01-07    54.972939
Freq: D, dtype: float64"
156,Andreas Lind,0.4423206012128817,0.6543471529286844,"2025-01-01    0.435819
2025-01-02    0.503853
2025-01-03    0.482802
2025-01-04    0.512921
2025-01-05    0.485856
2025-01-06    0.511698
2025-01-07    0.487308
Freq: D, dtype: float64"
157,Bhupendra,3.563265126370274,67.16716715585439,"2025-01-01    2.646415
2025-01-02    2.646415
2025-01-03    2.646415
2025-01-04    2.646415
2025-01-05    2.646415
2025-01-06    2.646415
2025-01-07    2.646415
Freq: D, dtype: float64"
158,1955 in Thailand,0.7660797620259548,1.0203690268295729,"2025-01-01    0.886178
2025-01-02    0.886178
2025-01-03    0.886178
2025-01-04    0.886178
2025-01-05    0.886178
2025-01-06    0.886178
2025-01-07    0.886178
Freq: D, dtype: float64"
159,Actinocephalus,0.9389474658641251,1.3571578327667182,"2025-01-01    1.086791
2025-01-02    1.066605
2025-01-03    1.057262
2025-01-04    1.052937
2025-01-05    1.050935
2025-01-06    1.050008
2025-01-07    1.049579
Freq: D, dtype: float64"
160,Bedrettin Yıldızeli,0.9450885960365426,1.3346059971415536,"2024-12-31    0.952176
2025-01-01    0.993544
2025-01-02    1.016431
2025-01-03    1.029093
2025-01-04    1.036098
2025-01-05    1.039973
2025-01-06    1.042118
Freq: D, dtype: float64"
161,Architectural rendering,10.118744240077598,14.583730878382015,"2025-01-01    24.519216
2025-01-02    25.616658
2025-01-03    26.094734
2025-01-04    26.302998
2025-01-05    26.393723
2025-01-06    26.433246
2025-01-07    26.450463
Freq: D, dtype: float64"
162,Bibliography and Index of Geology,0.7208475674587447,2.7625357749163113,"2025-01-01    0.531472
2025-01-02    0.531472
2025-01-03    0.531472
2025-01-04    0.531472
2025-01-05    0.531472
2025-01-06    0.531472
2025-01-07    0.531472
Freq: D, dtype: float64"
163,Boulder Hills (Montana),0.6102203840148999,0.7903890368652772,"2025-01-01    0.547316
2025-01-02    0.519733
2025-01-03    0.519733
2025-01-04    0.519733
2025-01-05    0.519733
2025-01-06    0.519733
2025-01-07    0.519733
Freq: D, dtype: float64"
164,2009–10 FIS Ski Jumping World Cup,3.694488597825136,6.71893480078741,"2025-01-01    17.920452
2025-01-02    13.580146
2025-01-03    16.491417
2025-01-04    14.621675
2025-01-05    15.599385
2025-01-06    15.082543
2025-01-07    15.320301
Freq: D, dtype: float64"
165,Al-Shatrah,3.082007590284232,4.585784954905265,"2025-01-01    13.822861
2025-01-02    13.212556
2025-01-03    13.158074
2025-01-04    13.100624
2025-01-05    13.085348
2025-01-06    13.077982
2025-01-07    13.075385
Freq: D, dtype: float64"
166,Armand DiMele,1.4857723508806249,2.0646695108684163,"2025-01-01    1.460247
2025-01-02    1.521639
2025-01-03    1.529829
2025-01-04    1.530921
2025-01-05    1.531067
2025-01-06    1.531086
2025-01-07    1.531089
Freq: D, dtype: float64"
167,Belarusian Democratic Republic 100th Jubilee Medal,2.668228980345128,4.416738438449189,"2025-01-01    4.347466
2025-01-02    4.684458
2025-01-03    4.844775
2025-01-04    4.924715
2025-01-05    4.999800
2025-01-06    5.070327
2025-01-07    5.136571
Freq: D, dtype: float64"
168,Bloomingdale Troopers,0.822038411623688,1.1484141892754,"2025-01-01    0.574167
2025-01-02    0.605732
2025-01-03    0.605732
2025-01-04    0.605732
2025-01-05    0.605732
2025-01-06    0.605732
2025-01-07    0.605732
Freq: D, dtype: float64"
169,2010 Baltimore Orioles season,4.035605107565526,6.036081512116364,"2025-01-01    5.428425
2025-01-02    5.514546
2025-01-03    5.531858
2025-01-04    5.535339
2025-01-05    5.536038
2025-01-06    5.536179
2025-01-07    5.536207
Freq: D, dtype: float64"
170,1987 Chapeltown riot,2.54729589306474,4.89918374084143,"2025-01-01    3.662623
2025-01-02    3.690892
2025-01-03    3.723228
2025-01-04    3.738844
2025-01-05    3.745421
2025-01-06    3.748089
2025-01-07    3.749158
Freq: D, dtype: float64"
171,Acacia courtii,1.7811481078784641,2.5519379671825715,"2025-01-01    2.122321
2025-01-02    2.141652
2025-01-03    2.144707
2025-01-04    2.145189
2025-01-05    2.145266
2025-01-06    2.145278
2025-01-07    2.145280
Freq: D, dtype: float64"
172,Abu Hubayra al-Basri,2.959806469149033,4.022774571094518,"2025-01-01    7.199654
2025-01-02    7.065663
2025-01-03    7.166367
2025-01-04    7.090681
2025-01-05    7.147565
2025-01-06    7.104812
2025-01-07    7.136944
Freq: D, dtype: float64"
173,Athletics at the 2011 All-Africa Games – Men's 200 metres,0.48211715086395845,0.7887301988702838,"2025-01-01    0.202437
2025-01-02    0.214613
2025-01-03    0.214613
2025-01-04    0.214613
2025-01-05    0.214613
2025-01-06    0.214613
2025-01-07    0.214613
Freq: D, dtype: float64"
174,1902 Minnesota Senate election,0.7590630180670263,1.0352821357572861,"2025-01-01    0.560819
2025-01-02    0.759225
2025-01-03    0.446526
2025-01-04    0.677700
2025-01-05    0.616165
2025-01-06    0.535087
2025-01-07    0.669454
Freq: D, dtype: float64"
175,1961 United States gubernatorial elections,2.716060303034748,3.668863350837669,"2025-01-01    6.771890
2025-01-02    6.724500
2025-01-03    6.802029
2025-01-04    6.807933
2025-01-05    6.812160
2025-01-06    6.812877
2025-01-07    6.813149
Freq: D, dtype: float64"
176,"1st Battalion, 168th Field Artillery (Nebraska Army National Guard)",1.090006464926307,1.712707219562955,"2025-01-01    0.863328
2025-01-02    0.996263
2025-01-03    1.075915
2025-01-04    1.123641
2025-01-05    1.152237
2025-01-06    1.169371
2025-01-07    1.179638
Freq: D, dtype: float64"
177,Allium tenuissimum,0.932202126639331,2.361574471924231,"2025-01-01    1.007611
2025-01-02    0.867989
2025-01-03    0.848345
2025-01-04    0.845582
2025-01-05    0.845193
2025-01-06    0.845138
2025-01-07    0.845130
Freq: D, dtype: float64"
178,Anjulie (album),2.571759800817681,9.522474385794565,"2025-01-01    1.955328
2025-01-02    1.904643
2025-01-03    1.852665
2025-01-04    1.801133
2025-01-05    1.750671
2025-01-06    1.701486
2025-01-07    1.653633
Freq: D, dtype: float64"
179,Arrojadoa bahiensis,0.7235480437206511,0.9488121168072331,"2025-01-01    0.609743
2025-01-02    0.609743
2025-01-03    0.609743
2025-01-04    0.609743
2025-01-05    0.609743
2025-01-06    0.609743
2025-01-07    0.609743
Freq: D, dtype: float64"
180,Avian,6.964707146970464,9.28797617313676,"2025-01-01    34.696548
2025-01-02    34.695169
2025-01-03    34.695169
2025-01-04    34.695169
2025-01-05    34.695169
2025-01-06    34.695169
2025-01-07    34.695169
Freq: D, dtype: float64"
181,1930 United States Senate special election in Ohio,1.572630934018718,2.2997208417232384,"2025-01-01    4.812911
2025-01-02    4.795726
2025-01-03    4.794148
2025-01-04    4.794003
2025-01-05    4.793990
2025-01-06    4.793988
2025-01-07    4.793988
Freq: D, dtype: float64"
182,2006–07 FA Cup,16.06121226488487,34.137243537697394,"2025-01-01    50.505214
2025-01-02    55.699931
2025-01-03    57.059915
2025-01-04    59.019431
2025-01-05    59.168881
2025-01-06    59.990465
2025-01-07    59.869433
Freq: D, dtype: float64"
183,Alphabet Synthesis Machine,0.9316953113690057,1.50190346505257,"2025-01-01    1.118348
2025-01-02    0.915341
2025-01-03    0.861556
2025-01-04    0.723267
2025-01-05    0.798546
2025-01-06    0.709013
2025-01-07    0.781538
Freq: D, dtype: float64"
184,All People's Republican Party,0.8746151244599651,1.2135740424050983,"2025-01-01    1.344788
2025-01-02    1.291261
2025-01-03    1.312880
2025-01-04    1.310168
2025-01-05    1.311555
2025-01-06    1.311432
2025-01-07    1.311523
Freq: D, dtype: float64"
185,All Wet,2.923929662304403,4.7149142328118465,"2025-01-01    0.632775
2025-01-02    0.687314
2025-01-03    0.692015
2025-01-04    0.692420
2025-01-05    0.692455
2025-01-06    0.692458
2025-01-07    0.692458
Freq: D, dtype: float64"
186,Bob Gregory (comics),1.3467736054924409,3.1013943162934363,"2025-01-01    1.568178
2025-01-02    1.483406
2025-01-03    1.380861
2025-01-04    1.364561
2025-01-05    1.356144
2025-01-06    1.354195
2025-01-07    1.353440
Freq: D, dtype: float64"
187,1984 Japanese Regional Leagues,0.6053096193281226,1.0407548370373443,"2025-01-01    0.423089
2025-01-02    0.471585
2025-01-03    0.526312
2025-01-04    0.538221
2025-01-05    0.545946
2025-01-06    0.548216
2025-01-07    0.549374
Freq: D, dtype: float64"
188,Armand Montjoye,0.4701206498802139,2.195607662588499,"2024-12-31    0.2908
2025-01-01    0.2908
2025-01-02    0.2908
2025-01-03    0.2908
2025-01-04    0.2908
2025-01-05    0.2908
2025-01-06    0.2908
Freq: D, dtype: float64"
189,4151 Alanhale,0.7939131794563705,1.1844807409480693,"2024-12-31    0.780489
2025-01-01    0.997473
2025-01-02    0.844415
2025-01-03    0.781423
2025-01-04    0.755498
2025-01-05    0.744828
2025-01-06    0.740437
Freq: D, dtype: float64"
190,Acherontiscus,2.022245905973815,2.916299357027458,"2025-01-01    3.351558
2025-01-02    3.363514
2025-01-03    3.409948
2025-01-04    3.409948
2025-01-05    3.409948
2025-01-06    3.409948
2025-01-07    3.409948
Freq: D, dtype: float64"
191,1957 Australian Drivers' Championship,1.260328743930222,1.7431359169770546,"2025-01-01    1.432210
2025-01-02    1.391849
2025-01-03    1.388980
2025-01-04    1.388776
2025-01-05    1.388762
2025-01-06    1.388760
2025-01-07    1.388760
Freq: D, dtype: float64"
192,A Dream's a Dream,2.328646697597208,4.549670654319225,"2025-01-01    4.852868
2025-01-02    5.149508
2025-01-03    5.052161
2025-01-04    5.142612
2025-01-05    5.142612
2025-01-06    5.142612
2025-01-07    5.142612
Freq: D, dtype: float64"
193,Bacalhau com todos,2.386180880480624,3.246805102069551,"2025-01-01    11.124243
2025-01-02    12.050464
2025-01-03    12.503767
2025-01-04    12.710867
2025-01-05    12.809406
2025-01-06    12.855174
2025-01-07    12.876737
Freq: D, dtype: float64"
194,Barbara Sykes (artist),1.062076363452033,1.9329792881247034,"2025-01-01    0.763213
2025-01-02    0.824760
2025-01-03    0.793929
2025-01-04    0.861297
2025-01-05    0.851039
2025-01-06    0.892426
2025-01-07    0.891641
Freq: D, dtype: float64"
195,Booker Woodfox,2.146492843106092,4.780807785527572,"2025-01-01    1.770752
2025-01-02    1.831898
2025-01-03    1.797209
2025-01-04    1.777656
2025-01-05    1.758316
2025-01-06    1.739187
2025-01-07    1.720265
Freq: D, dtype: float64"
196,Dirk (play),1.5143995851014833,1.965829528204175,"2025-01-01    1.983208
2025-01-02    1.982080
2025-01-03    1.982004
2025-01-04    1.981999
2025-01-05    1.981998
2025-01-06    1.981998
2025-01-07    1.981998
Freq: D, dtype: float64"
197,A.D. Sanjoanense (rink hockey),0.6799258586769005,0.9619740402443016,"2025-01-01    0.484278
2025-01-02    0.495677
2025-01-03    0.502306
2025-01-04    0.506160
2025-01-05    0.508401
2025-01-06    0.509704
2025-01-07    0.510462
Freq: D, dtype: float64"
198,Bangladesh International Tutorial,2.796018647182552,4.419828529408126,"2025-01-01    6.545810
2025-01-02    5.682666
2025-01-03    5.682666
2025-01-04    5.682666
2025-01-05    5.682666
2025-01-06    5.682666
2025-01-07    5.682666
Freq: D, dtype: float64"
199,13th Niue Assembly,0.5176209788896815,1.3595668404282784,"2025-01-01    1.059427
2025-01-02    1.079787
2025-01-03    1.080857
2025-01-04    1.079199
2025-01-05    1.078525
2025-01-06    1.078459
2025-01-07    1.078503
Freq: D, dtype: float64"
