,title,mae,rmse,forecast
0,1986 in England,1.1265335299722328,3.6090509777597486,"2025-01-01    0.881869
2025-01-02    0.860432
2025-01-03    0.860953
2025-01-04    0.860940
2025-01-05    0.860940
2025-01-06    0.860940
2025-01-07    0.860940
Freq: D, Name: predicted_mean, dtype: float64"
1,Battle of Ayshal,2.4187588134718365,3.58349390221795,"2025-01-01    6.846974
2025-01-02    6.908002
2025-01-03    6.912400
2025-01-04    6.912716
2025-01-05    6.912739
2025-01-06    6.912741
2025-01-07    6.912741
Freq: D, Name: predicted_mean, dtype: float64"
2,2012 World Mountain Running Championships,0.615743138357871,0.8525876233044373,"2025-01-01    0.859779
2025-01-02    0.610470
2025-01-03    0.595458
2025-01-04    0.594554
2025-01-05    0.594499
2025-01-06    0.594496
2025-01-07    0.594496
Freq: D, Name: predicted_mean, dtype: float64"
3,Anthony Aucher,1.2371145431516144,1.905476053193611,"2025-01-01    1.515642
2025-01-02    1.545467
2025-01-03    1.547192
2025-01-04    1.547292
2025-01-05    1.547298
2025-01-06    1.547298
2025-01-07    1.547298
Freq: D, Name: predicted_mean, dtype: float64"
4,2008 Cotton Bowl Classic,8.134717766810608,35.89295375441493,"2025-01-01    45.168999
2025-01-02    33.902278
2025-01-03    30.150128
2025-01-04    28.900552
2025-01-05    28.484406
2025-01-06    28.345817
2025-01-07    28.299663
Freq: D, Name: predicted_mean, dtype: float64"
5,Brian Dear,8.75496887032331,62.627478809873,"2025-01-01    26.546483
2025-01-02    21.154279
2025-01-03    20.011966
2025-01-04    19.769973
2025-01-05    19.718708
2025-01-06    19.707848
2025-01-07    19.705547
Freq: D, Name: predicted_mean, dtype: float64"
6,1981 in jazz,1.5487058356075163,2.174000636600566,"2025-01-01    1.786393
2025-01-02    1.655631
2025-01-03    1.650311
2025-01-04    1.650094
2025-01-05    1.650085
2025-01-06    1.650085
2025-01-07    1.650085
Freq: D, Name: predicted_mean, dtype: float64"
7,2003 King George VI and Queen Elizabeth Stakes,0.7118209546844629,1.139045267347805,"2025-01-01    0.180518
2025-01-02    0.205389
2025-01-03    0.208816
2025-01-04    0.209288
2025-01-05    0.209353
2025-01-06    0.209362
2025-01-07    0.209364
Freq: D, Name: predicted_mean, dtype: float64"
8,England Knights match results,0.7658283246946306,1.4395466422461876,"2024-12-31    0.017122
2025-01-01    0.021952
2025-01-02    0.023315
2025-01-03    0.023699
2025-01-04    0.023807
2025-01-05    0.023838
2025-01-06    0.023847
Freq: D, Name: predicted_mean, dtype: float64"
9,Bare-eared squirrel monkey,2.178920264893466,2.7890779192843986,"2025-01-01    5.469066
2025-01-02    5.570815
2025-01-03    5.575008
2025-01-04    5.575181
2025-01-05    5.575188
2025-01-06    5.575188
2025-01-07    5.575188
Freq: D, Name: predicted_mean, dtype: float64"
10,2009 Australian Swimming Championships,0.807890609980337,1.9698095354968728,"2024-12-31    0.704326
2025-01-01    0.632844
2025-01-02    0.615563
2025-01-03    0.611385
2025-01-04    0.610375
2025-01-05    0.610130
2025-01-06    0.610071
Freq: D, Name: predicted_mean, dtype: float64"
11,Beth Hart discography,10.062860890100103,13.856363075806623,"2025-01-01    47.962222
2025-01-02    47.724401
2025-01-03    47.669900
2025-01-04    47.657411
2025-01-05    47.654549
2025-01-06    47.653893
2025-01-07    47.653743
Freq: D, Name: predicted_mean, dtype: float64"
12,A Strange Encounter,1.3715407735993785,1.846820127258784,"2025-01-01    1.247180
2025-01-02    1.385965
2025-01-03    1.401408
2025-01-04    1.403127
2025-01-05    1.403318
2025-01-06    1.403339
2025-01-07    1.403342
Freq: D, Name: predicted_mean, dtype: float64"
13,Anna-Maria Haas,0.9236749024555635,1.3369543869473495,"2025-01-01    0.763145
2025-01-02    0.726596
2025-01-03    0.725516
2025-01-04    0.725484
2025-01-05    0.725483
2025-01-06    0.725483
2025-01-07    0.725483
Freq: D, Name: predicted_mean, dtype: float64"
14,1896 Ole Miss Rebels football team,0.7534346984215224,1.034746838004756,"2025-01-01    0.610776
2025-01-02    0.603047
2025-01-03    0.602893
2025-01-04    0.602890
2025-01-05    0.602890
2025-01-06    0.602890
2025-01-07    0.602890
Freq: D, Name: predicted_mean, dtype: float64"
15,2006 Enterprise Football League,0.48308046613236577,0.8363383759399917,"2025-01-01    0.422320
2025-01-02    0.436461
2025-01-03    0.436935
2025-01-04    0.436950
2025-01-05    0.436951
2025-01-06    0.436951
2025-01-07    0.436951
Freq: D, Name: predicted_mean, dtype: float64"
16,Approximation to the identity,2.264025470625247,2.914745523485609,"2025-01-01    3.768894
2025-01-02    3.905778
2025-01-03    3.916370
2025-01-04    3.917190
2025-01-05    3.917253
2025-01-06    3.917258
2025-01-07    3.917259
Freq: D, Name: predicted_mean, dtype: float64"
17,Alfredo Grelak,1.0187212136238468,3.01861090145054,"2025-01-01    1.178933
2025-01-02    1.204135
2025-01-03    1.204674
2025-01-04    1.204686
2025-01-05    1.204686
2025-01-06    1.204686
2025-01-07    1.204686
Freq: D, Name: predicted_mean, dtype: float64"
18,"Bangladesh International School, English Section, Riyadh",3.1368371981020453,7.367748490417796,"2025-01-01    3.431202
2025-01-02    3.453121
2025-01-03    3.454235
2025-01-04    3.454292
2025-01-05    3.454295
2025-01-06    3.454295
2025-01-07    3.454295
Freq: D, Name: predicted_mean, dtype: float64"
19,Bolzaneto,2.015068702945078,2.70321559820676,"2025-01-01    3.569817
2025-01-02    3.673974
2025-01-03    3.693013
2025-01-04    3.696494
2025-01-05    3.697130
2025-01-06    3.697246
2025-01-07    3.697267
Freq: D, Name: predicted_mean, dtype: float64"
20,Breeder (animal),3.1201615623555563,5.504018663625697,"2025-01-01    6.986694
2025-01-02    6.808350
2025-01-03    6.792551
2025-01-04    6.791152
2025-01-05    6.791028
2025-01-06    6.791017
2025-01-07    6.791016
Freq: D, Name: predicted_mean, dtype: float64"
21,1974–75 Boise State Broncos men's basketball team,0.5541254439628537,0.7800276461248723,"2025-01-01    0.416516
2025-01-02    0.418463
2025-01-03    0.418456
2025-01-04    0.418456
2025-01-05    0.418456
2025-01-06    0.418456
2025-01-07    0.418456
Freq: D, Name: predicted_mean, dtype: float64"
22,Alexander Thoirs House,0.5834439439834483,0.7335220923744713,"2025-01-01    0.429849
2025-01-02    0.399680
2025-01-03    0.398083
2025-01-04    0.397999
2025-01-05    0.397994
2025-01-06    0.397994
2025-01-07    0.397994
Freq: D, Name: predicted_mean, dtype: float64"
23,2015 FIBA Europe Under-16 Championship for Women Division C,0.5453166474974894,0.7683003445386708,"2024-12-31    0.287573
2025-01-01    0.321679
2025-01-02    0.325725
2025-01-03    0.326204
2025-01-04    0.326261
2025-01-05    0.326268
2025-01-06    0.326269
Freq: D, Name: predicted_mean, dtype: float64"
24,Alfred Roller,3.3401849566938036,4.459461720282365,"2025-01-01    8.463923
2025-01-02    9.138234
2025-01-03    9.240094
2025-01-04    9.255481
2025-01-05    9.257806
2025-01-06    9.258157
2025-01-07    9.258210
Freq: D, Name: predicted_mean, dtype: float64"
25,"Birchdale, Minnesota",2.4986594256708403,14.373545438796267,"2025-01-01    0.962479
2025-01-02    1.164310
2025-01-03    1.206634
2025-01-04    1.215509
2025-01-05    1.217370
2025-01-06    1.217761
2025-01-07    1.217843
Freq: D, Name: predicted_mean, dtype: float64"
26,2003 FIA GT Oschersleben 500km,0.5760525051015459,1.0260270495211437,"2024-12-31    0.364111
2025-01-01    0.363910
2025-01-02    0.363910
2025-01-03    0.363910
2025-01-04    0.363910
2025-01-05    0.363910
2025-01-06    0.363910
Freq: D, Name: predicted_mean, dtype: float64"
27,Alicurá Dam,1.4390168246537194,3.562905181051068,"2025-01-01    1.787811
2025-01-02    1.783437
2025-01-03    1.783347
2025-01-04    1.783345
2025-01-05    1.783345
2025-01-06    1.783345
2025-01-07    1.783345
Freq: D, Name: predicted_mean, dtype: float64"
28,Braille pattern dots-24,1.4912456875468578,2.160620624067235,"2025-01-01    2.045928
2025-01-02    1.844699
2025-01-03    1.823977
2025-01-04    1.821843
2025-01-05    1.821623
2025-01-06    1.821601
2025-01-07    1.821598
Freq: D, Name: predicted_mean, dtype: float64"
29,Ayoor,3.4071379613492496,5.707206870469512,"2025-01-01    10.741593
2025-01-02     9.732999
2025-01-03     9.623125
2025-01-04     9.611155
2025-01-05     9.609851
2025-01-06     9.609709
2025-01-07     9.609694
Freq: D, Name: predicted_mean, dtype: float64"
30,1973 New York Jets season,4.679346171444976,8.274723275653175,"2025-01-01    18.206317
2025-01-02    17.316842
2025-01-03    17.215328
2025-01-04    17.203743
2025-01-05    17.202420
2025-01-06    17.202270
2025-01-07    17.202252
Freq: D, Name: predicted_mean, dtype: float64"
31,"1,4-Cyclohexanedione",2.6444307752117777,3.562828139216869,"2025-01-01    5.935027
2025-01-02    5.929784
2025-01-03    5.929361
2025-01-04    5.929327
2025-01-05    5.929324
2025-01-06    5.929324
2025-01-07    5.929324
Freq: D, Name: predicted_mean, dtype: float64"
32,Blastobasis leucogonia,0.11925073389874062,0.2889025044667922,"2024-12-31    0.086790
2025-01-01    0.089553
2025-01-02    0.089641
2025-01-03    0.089643
2025-01-04    0.089644
2025-01-05    0.089644
2025-01-06    0.089644
Freq: D, Name: predicted_mean, dtype: float64"
33,British Independent Film Awards 2010,1.4844394241970662,3.776629492550269,"2025-01-01    1.918674
2025-01-02    1.930738
2025-01-03    1.930896
2025-01-04    1.930898
2025-01-05    1.930898
2025-01-06    1.930898
2025-01-07    1.930898
Freq: D, Name: predicted_mean, dtype: float64"
34,2006 Masters of Formula 3,1.5408768982461714,2.5105904842476106,"2025-01-01    1.399863
2025-01-02    1.535368
2025-01-03    1.581288
2025-01-04    1.596849
2025-01-05    1.602122
2025-01-06    1.603909
2025-01-07    1.604515
Freq: D, Name: predicted_mean, dtype: float64"
35,Balázs Hajdú,0.641529376139895,1.1323800461679228,"2024-12-30    0.872736
2024-12-31    0.865298
2025-01-01    0.864863
2025-01-02    0.864838
2025-01-03    0.864836
2025-01-04    0.864836
2025-01-05    0.864836
Freq: D, Name: predicted_mean, dtype: float64"
36,3 cm MK 303 Flak,6.223824037103181,11.340399612867293,"2025-01-01    31.865112
2025-01-02    33.567485
2025-01-03    33.989630
2025-01-04    34.094311
2025-01-05    34.120270
2025-01-06    34.126706
2025-01-07    34.128303
Freq: D, Name: predicted_mean, dtype: float64"
37,Baarìa,0.8929274709604351,3.4243474100082616,"2025-01-01    0.264172
2025-01-02    0.286506
2025-01-03    0.288394
2025-01-04    0.288553
2025-01-05    0.288567
2025-01-06    0.288568
2025-01-07    0.288568
Freq: D, Name: predicted_mean, dtype: float64"
38,"Bogert House (Demarest, New Jersey)",0.5932271174726547,0.7944234472927754,"2025-01-01    0.421479
2025-01-02    0.403897
2025-01-03    0.403362
2025-01-04    0.403346
2025-01-05    0.403345
2025-01-06    0.403345
2025-01-07    0.403345
Freq: D, Name: predicted_mean, dtype: float64"
39,Antonio Tublén,1.0434266282425868,1.3532684474481502,"2025-01-01    0.764406
2025-01-02    0.809669
2025-01-03    0.812349
2025-01-04    0.812508
2025-01-05    0.812517
2025-01-06    0.812518
2025-01-07    0.812518
Freq: D, Name: predicted_mean, dtype: float64"
40,1965 Upper Voltan parliamentary election,0.6089679768711818,0.837747375932312,"2025-01-01    0.476417
2025-01-02    0.500364
2025-01-03    0.501567
2025-01-04    0.501628
2025-01-05    0.501631
2025-01-06    0.501631
2025-01-07    0.501631
Freq: D, Name: predicted_mean, dtype: float64"
41,APE 4.80,0.685627457448852,0.9519773535880272,"2025-01-01    1.198470
2025-01-02    1.186303
2025-01-03    1.186118
2025-01-04    1.186115
2025-01-05    1.186115
2025-01-06    1.186115
2025-01-07    1.186115
Freq: D, Name: predicted_mean, dtype: float64"
42,5DX,3.7690275072162596,5.213815260933934,"2025-01-01    5.615401
2025-01-02    6.139066
2025-01-03    6.243916
2025-01-04    6.264909
2025-01-05    6.269112
2025-01-06    6.269954
2025-01-07    6.270123
Freq: D, Name: predicted_mean, dtype: float64"
43,Australs Football Club,0.6327532697072396,0.8180309519049729,"2025-01-01    0.544494
2025-01-02    0.498551
2025-01-03    0.493917
2025-01-04    0.493450
2025-01-05    0.493403
2025-01-06    0.493398
2025-01-07    0.493397
Freq: D, Name: predicted_mean, dtype: float64"
44,Arcadia High School (Louisiana),1.0742001774962386,1.455932125566097,"2025-01-01    1.999347
2025-01-02    1.855086
2025-01-03    1.844684
2025-01-04    1.843934
2025-01-05    1.843880
2025-01-06    1.843876
2025-01-07    1.843876
Freq: D, Name: predicted_mean, dtype: float64"
45,Bibliome,0.9369091958579607,1.2562298697925525,"2025-01-01    0.738245
2025-01-02    0.718436
2025-01-03    0.716937
2025-01-04    0.716823
2025-01-05    0.716815
2025-01-06    0.716814
2025-01-07    0.716814
Freq: D, Name: predicted_mean, dtype: float64"
46,2009 Harmony Gold mine deaths,1.6908199707264862,2.693829772084141,"2025-01-01    4.616680
2025-01-02    4.562486
2025-01-03    4.554824
2025-01-04    4.553740
2025-01-05    4.553587
2025-01-06    4.553566
2025-01-07    4.553563
Freq: D, Name: predicted_mean, dtype: float64"
47,Altynay Sapargalieva,1.827313528929623,3.469496084893694,"2025-01-01    1.922050
2025-01-02    1.907207
2025-01-03    1.904380
2025-01-04    1.903842
2025-01-05    1.903739
2025-01-06    1.903720
2025-01-07    1.903716
Freq: D, Name: predicted_mean, dtype: float64"
48,Bekovsky District,0.7612369364559355,1.0832013348254714,"2025-01-01    0.708611
2025-01-02    0.743161
2025-01-03    0.744846
2025-01-04    0.744928
2025-01-05    0.744932
2025-01-06    0.744932
2025-01-07    0.744932
Freq: D, Name: predicted_mean, dtype: float64"
49,Ballistic movement,4.97647064165755,6.946829939863223,"2025-01-01    9.558945
2025-01-02    9.879363
2025-01-03    9.945220
2025-01-04    9.958756
2025-01-05    9.961538
2025-01-06    9.962110
2025-01-07    9.962227
Freq: D, Name: predicted_mean, dtype: float64"
50,Argentina (river),1.0402684397796274,2.1973307266892714,"2025-01-01    1.102092
2025-01-02    1.131934
2025-01-03    1.140657
2025-01-04    1.143207
2025-01-05    1.143952
2025-01-06    1.144170
2025-01-07    1.144234
Freq: D, Name: predicted_mean, dtype: float64"
51,Anwar Mohamed Ali,0.5150364992477603,0.7013939836825294,"2024-12-30    0.476200
2024-12-31    0.442384
2025-01-01    0.440200
2025-01-02    0.440059
2025-01-03    0.440050
2025-01-04    0.440050
2025-01-05    0.440050
Freq: D, Name: predicted_mean, dtype: float64"
52,2012 Canadian Masters Curling Championships,0.6098502890692821,1.3346680770912067,"2025-01-01    0.337417
2025-01-02    0.422616
2025-01-03    0.444129
2025-01-04    0.449561
2025-01-05    0.450932
2025-01-06    0.451279
2025-01-07    0.451366
Freq: D, Name: predicted_mean, dtype: float64"
53,2013 Asian Tour,1.2474188291654562,1.7965191028609224,"2025-01-01    1.349839
2025-01-02    1.146576
2025-01-03    1.130986
2025-01-04    1.129790
2025-01-05    1.129698
2025-01-06    1.129691
2025-01-07    1.129690
Freq: D, Name: predicted_mean, dtype: float64"
54,1982 Victorian state election,5.046229881287756,12.390354479218283,"2025-01-01    3.631893
2025-01-02    5.410204
2025-01-03    6.611769
2025-01-04    7.423640
2025-01-05    7.972203
2025-01-06    8.342855
2025-01-07    8.593297
Freq: D, Name: predicted_mean, dtype: float64"
55,Beauchemin (surname),0.9244631886864892,1.263817243452709,"2025-01-01    1.213978
2025-01-02    1.223824
2025-01-03    1.224277
2025-01-04    1.224298
2025-01-05    1.224299
2025-01-06    1.224299
2025-01-07    1.224299
Freq: D, Name: predicted_mean, dtype: float64"
56,1994 Plzeň municipal election,0.542285752109885,0.6956620762495719,"2025-01-01    0.121377
2025-01-02    0.133112
2025-01-03    0.132956
2025-01-04    0.132958
2025-01-05    0.132958
2025-01-06    0.132958
2025-01-07    0.132958
Freq: D, Name: predicted_mean, dtype: float64"
57,Brian McCarthy Memorial Moosehead Award,0.8525592460618939,1.362926204110165,"2025-01-01    0.396488
2025-01-02    0.370646
2025-01-03    0.370230
2025-01-04    0.370223
2025-01-05    0.370223
2025-01-06    0.370223
2025-01-07    0.370223
Freq: D, Name: predicted_mean, dtype: float64"
58,1990s in Angola,1.8499962506307102,3.853818352464915,"2025-01-01    2.734262
2025-01-02    2.552158
2025-01-03    2.525959
2025-01-04    2.522189
2025-01-05    2.521647
2025-01-06    2.521569
2025-01-07    2.521558
Freq: D, Name: predicted_mean, dtype: float64"
59,2006 Grand Prix SAR La Princesse Lalla Meryem – Doubles,0.4424145174568034,0.7566433575391665,"2024-12-31    0.313160
2025-01-01    0.317937
2025-01-02    0.318010
2025-01-03    0.318011
2025-01-04    0.318011
2025-01-05    0.318011
2025-01-06    0.318011
Freq: D, Name: predicted_mean, dtype: float64"
60,"Anytime, Any Place, Anywhere",1.3421360460453209,1.7109309895845337,"2025-01-01    1.424846
2025-01-02    1.434747
2025-01-03    1.434978
2025-01-04    1.434983
2025-01-05    1.434983
2025-01-06    1.434983
2025-01-07    1.434983
Freq: D, Name: predicted_mean, dtype: float64"
61,Alton C. Parker,2.5928535778525914,4.861480565652321,"2025-01-01    1.823647
2025-01-02    1.739520
2025-01-03    1.699389
2025-01-04    1.680244
2025-01-05    1.671112
2025-01-06    1.666755
2025-01-07    1.664677
Freq: D, Name: predicted_mean, dtype: float64"
62,Beth Rowley,37.861095161852276,172.5626773109735,"2025-01-01    634.489952
2025-01-02    670.007608
2025-01-03    681.026077
2025-01-04    684.444282
2025-01-05    685.504695
2025-01-06    685.833662
2025-01-07    685.935715
Freq: D, Name: predicted_mean, dtype: float64"
63,1979 Tasmanian state election,1.9754253347332758,4.188927468307773,"2025-01-01    3.145011
2025-01-02    2.921262
2025-01-03    2.862708
2025-01-04    2.847384
2025-01-05    2.843374
2025-01-06    2.842325
2025-01-07    2.842050
Freq: D, Name: predicted_mean, dtype: float64"
64,1937 Colombian parliamentary election,0.6132697788683096,0.7916439621559546,"2025-01-01    0.555041
2025-01-02    0.536658
2025-01-03    0.535898
2025-01-04    0.535867
2025-01-05    0.535865
2025-01-06    0.535865
2025-01-07    0.535865
Freq: D, Name: predicted_mean, dtype: float64"
65,142nd New York State Legislature,1.1659850504073073,2.079434128036474,"2025-01-01    0.974779
2025-01-02    0.791379
2025-01-03    0.758571
2025-01-04    0.752702
2025-01-05    0.751652
2025-01-06    0.751464
2025-01-07    0.751431
Freq: D, Name: predicted_mean, dtype: float64"
66,Aikido World Championships,2.7735144207911366,3.733616946779924,"2025-01-01    6.384624
2025-01-02    6.490205
2025-01-03    6.498255
2025-01-04    6.498869
2025-01-05    6.498916
2025-01-06    6.498920
2025-01-07    6.498920
Freq: D, Name: predicted_mean, dtype: float64"
67,2020–21 Northern Colorado Bears men's basketball team,1.2557393367853327,2.2695528142250803,"2025-01-01    1.139520
2025-01-02    1.067661
2025-01-03    1.061661
2025-01-04    1.061159
2025-01-05    1.061118
2025-01-06    1.061114
2025-01-07    1.061114
Freq: D, Name: predicted_mean, dtype: float64"
68,Bought priesthood,1.712858500945818,6.511662332687153,"2025-01-01    2.220248
2025-01-02    1.835808
2025-01-03    1.646267
2025-01-04    1.552818
2025-01-05    1.506745
2025-01-06    1.484029
2025-01-07    1.472830
Freq: D, Name: predicted_mean, dtype: float64"
69,2005 Lombard regional election,1.6528375553068122,2.811527893807806,"2025-01-01    1.485233
2025-01-02    1.705213
2025-01-03    1.804942
2025-01-04    1.850154
2025-01-05    1.870651
2025-01-06    1.879943
2025-01-07    1.884156
Freq: D, Name: predicted_mean, dtype: float64"
70,2010 AFF Championship,33.14716053244561,125.37299321924576,"2025-01-01    335.907047
2025-01-02    346.228182
2025-01-03    347.413026
2025-01-04    347.549044
2025-01-05    347.564658
2025-01-06    347.566451
2025-01-07    347.566657
Freq: D, Name: predicted_mean, dtype: float64"
71,Acielle,0.9054160714325004,1.3588756156079966,"2025-01-01    0.702290
2025-01-02    0.813607
2025-01-03    0.831251
2025-01-04    0.834048
2025-01-05    0.834491
2025-01-06    0.834562
2025-01-07    0.834573
Freq: D, Name: predicted_mean, dtype: float64"
72,Breathless Mahoney,11.927479311361768,24.3088087676923,"2025-01-01    68.002194
2025-01-02    64.873585
2025-01-03    63.649726
2025-01-04    63.170973
2025-01-05    62.983693
2025-01-06    62.910432
2025-01-07    62.881773
Freq: D, Name: predicted_mean, dtype: float64"
73,Becky (disambiguation),4.636852187138944,8.215823359692939,"2025-01-01    20.901281
2025-01-02    16.679626
2025-01-03    13.757312
2025-01-04    11.734428
2025-01-05    10.334148
2025-01-06     9.364846
2025-01-07     8.693876
Freq: D, Name: predicted_mean, dtype: float64"
74,2005 Bahrain Grand Prix,13.75074781592133,34.10843736711337,"2025-01-01    42.448401
2025-01-02    45.054074
2025-01-03    47.022966
2025-01-04    48.510695
2025-01-05    49.634849
2025-01-06    50.484280
2025-01-07    51.126125
Freq: D, Name: predicted_mean, dtype: float64"
75,1955 in Iran,0.928227597563518,1.2597806049935552,"2025-01-01    1.073565
2025-01-02    1.044004
2025-01-03    1.043551
2025-01-04    1.043544
2025-01-05    1.043544
2025-01-06    1.043544
2025-01-07    1.043544
Freq: D, Name: predicted_mean, dtype: float64"
76,Albert E. Bodwell,0.48659320286398156,0.6701644055046012,"2025-01-01    0.495776
2025-01-02    0.440641
2025-01-03    0.438620
2025-01-04    0.438546
2025-01-05    0.438544
2025-01-06    0.438543
2025-01-07    0.438543
Freq: D, Name: predicted_mean, dtype: float64"
77,1960–61 South Africa rugby union tour of Europe,2.1736644388608415,2.9496474495023515,"2025-01-01    4.023959
2025-01-02    3.931558
2025-01-03    3.922810
2025-01-04    3.921982
2025-01-05    3.921904
2025-01-06    3.921896
2025-01-07    3.921896
Freq: D, Name: predicted_mean, dtype: float64"
78,Association Electronique Libre,0.9102175101344309,4.007491124961005,"2025-01-01    0.338537
2025-01-02    0.350973
2025-01-03    0.351430
2025-01-04    0.351447
2025-01-05    0.351447
2025-01-06    0.351447
2025-01-07    0.351447
Freq: D, Name: predicted_mean, dtype: float64"
79,After the Reality,3.1243646756714405,4.46070795286351,"2025-01-01    9.649870
2025-01-02    9.794478
2025-01-03    9.826657
2025-01-04    9.833817
2025-01-05    9.835410
2025-01-06    9.835765
2025-01-07    9.835844
Freq: D, Name: predicted_mean, dtype: float64"
80,Abqaiq oil field,2.2212590768784564,3.028394587837642,"2025-01-01    4.301610
2025-01-02    4.687178
2025-01-03    4.751769
2025-01-04    4.762589
2025-01-05    4.764402
2025-01-06    4.764706
2025-01-07    4.764757
Freq: D, Name: predicted_mean, dtype: float64"
81,Angler's loop,4.963385128370081,9.20465222069855,"2025-01-01    13.024652
2025-01-02    12.746361
2025-01-03    12.666957
2025-01-04    12.644301
2025-01-05    12.637837
2025-01-06    12.635992
2025-01-07    12.635466
Freq: D, Name: predicted_mean, dtype: float64"
82,B. Murali,1.7090374402617847,2.5784680220577805,"2025-01-01    1.191116
2025-01-02    1.232222
2025-01-03    1.241063
2025-01-04    1.242965
2025-01-05    1.243374
2025-01-06    1.243462
2025-01-07    1.243481
Freq: D, Name: predicted_mean, dtype: float64"
83,Brengues,0.6706991855527064,0.8531264334699453,"2025-01-01    0.600968
2025-01-02    0.581359
2025-01-03    0.580396
2025-01-04    0.580348
2025-01-05    0.580346
2025-01-06    0.580346
2025-01-07    0.580346
Freq: D, Name: predicted_mean, dtype: float64"
84,Brion Island,1.7351070454025372,2.56831682616624,"2025-01-01    2.667029
2025-01-02    2.648214
2025-01-03    2.647151
2025-01-04    2.647091
2025-01-05    2.647088
2025-01-06    2.647088
2025-01-07    2.647088
Freq: D, Name: predicted_mean, dtype: float64"
85,1972 presidential election,3.1297560554211032,4.835969262038169,"2025-01-01    12.937350
2025-01-02    12.247546
2025-01-03    12.016857
2025-01-04    11.939708
2025-01-05    11.913908
2025-01-06    11.905279
2025-01-07    11.902394
Freq: D, Name: predicted_mean, dtype: float64"
86,Acacia retivenea,0.50844601416445,0.7587176821721029,"2025-01-01    0.274147
2025-01-02    0.305792
2025-01-03    0.309445
2025-01-04    0.309867
2025-01-05    0.309915
2025-01-06    0.309921
2025-01-07    0.309922
Freq: D, Name: predicted_mean, dtype: float64"
87,Arctogymnites,0.58214962180515,0.7397039444668592,"2024-12-31    0.348500
2025-01-01    0.366080
2025-01-02    0.366967
2025-01-03    0.367012
2025-01-04    0.367014
2025-01-05    0.367014
2025-01-06    0.367014
Freq: D, Name: predicted_mean, dtype: float64"
88,1945 All-Pro Team,1.0813626513200545,3.2846507477861273,"2025-01-01    0.834578
2025-01-02    0.832430
2025-01-03    0.832402
2025-01-04    0.832401
2025-01-05    0.832401
2025-01-06    0.832401
2025-01-07    0.832401
Freq: D, Name: predicted_mean, dtype: float64"
89,1998–99 KBL season,0.7937976344875834,1.1685005293542003,"2025-01-01    0.460540
2025-01-02    0.507469
2025-01-03    0.512251
2025-01-04    0.512738
2025-01-05    0.512788
2025-01-06    0.512793
2025-01-07    0.512794
Freq: D, Name: predicted_mean, dtype: float64"
90,Appeals Selection Committee of the Supreme Court of Norway,0.7629526570746791,0.9777111368360161,"2025-01-01    0.763900
2025-01-02    0.776528
2025-01-03    0.776737
2025-01-04    0.776740
2025-01-05    0.776740
2025-01-06    0.776740
2025-01-07    0.776740
Freq: D, Name: predicted_mean, dtype: float64"
91,Acteonella,1.328889552805423,1.7923935504911823,"2025-01-01    2.153791
2025-01-02    1.966093
2025-01-03    1.953715
2025-01-04    1.952899
2025-01-05    1.952845
2025-01-06    1.952841
2025-01-07    1.952841
Freq: D, Name: predicted_mean, dtype: float64"
92,B*,5.941554682346107,8.241586757811339,"2025-01-01    14.692575
2025-01-02    14.819308
2025-01-03    14.842498
2025-01-04    14.846742
2025-01-05    14.847518
2025-01-06    14.847661
2025-01-07    14.847687
Freq: D, Name: predicted_mean, dtype: float64"
93,Bon Bon Buddy,0.8960133622202382,1.1734701968540107,"2025-01-01    1.361109
2025-01-02    1.384771
2025-01-03    1.383895
2025-01-04    1.383927
2025-01-05    1.383926
2025-01-06    1.383926
2025-01-07    1.383926
Freq: D, Name: predicted_mean, dtype: float64"
94,8 Days,2.790611108928069,4.847209250354406,"2025-01-01    2.793220
2025-01-02    2.314790
2025-01-03    2.125115
2025-01-04    2.049919
2025-01-05    2.020107
2025-01-06    2.008288
2025-01-07    2.003602
Freq: D, Name: predicted_mean, dtype: float64"
95,Adhithan Kanavu,2.6744597350397443,4.925766851264971,"2025-01-01    3.764525
2025-01-02    3.689331
2025-01-03    3.665319
2025-01-04    3.657651
2025-01-05    3.655202
2025-01-06    3.654420
2025-01-07    3.654171
Freq: D, Name: predicted_mean, dtype: float64"
96,Bombay night frog,1.9224846794617567,3.380261575866958,"2025-01-01    4.852321
2025-01-02    5.727484
2025-01-03    5.926301
2025-01-04    5.971468
2025-01-05    5.981729
2025-01-06    5.984060
2025-01-07    5.984590
Freq: D, Name: predicted_mean, dtype: float64"
97,Andrés Torres (cyclist),0.37285845524441613,0.5278982718948912,"2025-01-01    0.253276
2025-01-02    0.211056
2025-01-03    0.208668
2025-01-04    0.208534
2025-01-05    0.208526
2025-01-06    0.208525
2025-01-07    0.208525
Freq: D, Name: predicted_mean, dtype: float64"
98,Aztec Lady,2.274741783899291,2.8842443321666194,"2025-01-01    5.718257
2025-01-02    5.767865
2025-01-03    5.769297
2025-01-04    5.769338
2025-01-05    5.769340
2025-01-06    5.769340
2025-01-07    5.769340
Freq: D, Name: predicted_mean, dtype: float64"
99,2006 Masters of Curling (December),0.44448583950340087,0.7459839565232524,"2025-01-01    0.229540
2025-01-02    0.215874
2025-01-03    0.215631
2025-01-04    0.215627
2025-01-05    0.215627
2025-01-06    0.215627
2025-01-07    0.215627
Freq: D, Name: predicted_mean, dtype: float64"
100,Aer language,2.832866675178896,3.7268434478159094,"2025-01-01    10.875953
2025-01-02    11.066886
2025-01-03    11.086319
2025-01-04    11.088297
2025-01-05    11.088498
2025-01-06    11.088519
2025-01-07    11.088521
Freq: D, Name: predicted_mean, dtype: float64"
101,"Almond, North Carolina",2.6413161305566653,3.4282854719771616,"2025-01-01    8.069788
2025-01-02    7.785751
2025-01-03    7.758218
2025-01-04    7.755549
2025-01-05    7.755290
2025-01-06    7.755265
2025-01-07    7.755263
Freq: D, Name: predicted_mean, dtype: float64"
102,Barra Castle,2.2277391265281126,3.015045941206685,"2025-01-01    2.883726
2025-01-02    2.926693
2025-01-03    2.928782
2025-01-04    2.928883
2025-01-05    2.928888
2025-01-06    2.928888
2025-01-07    2.928888
Freq: D, Name: predicted_mean, dtype: float64"
103,1993 Arab Athletics Championships,0.7706456921853311,1.1171874954753538,"2025-01-01    0.429210
2025-01-02    0.400629
2025-01-03    0.399198
2025-01-04    0.399126
2025-01-05    0.399123
2025-01-06    0.399123
2025-01-07    0.399123
Freq: D, Name: predicted_mean, dtype: float64"
104,366th Bombardment Squadron,1.3168126483145988,1.8151793929650344,"2025-01-01    2.032418
2025-01-02    1.952405
2025-01-03    1.945789
2025-01-04    1.945242
2025-01-05    1.945196
2025-01-06    1.945193
2025-01-07    1.945192
Freq: D, Name: predicted_mean, dtype: float64"
105,Adirondack Iron and Steel Company,1.252440121260968,3.215352343113125,"2025-01-01    1.736667
2025-01-02    1.598715
2025-01-03    1.595099
2025-01-04    1.595004
2025-01-05    1.595002
2025-01-06    1.595002
2025-01-07    1.595002
Freq: D, Name: predicted_mean, dtype: float64"
106,Antoine Hamid Mourany,0.5213150133819585,0.6733669958836043,"2025-01-01    0.357237
2025-01-02    0.354633
2025-01-03    0.354652
2025-01-04    0.354652
2025-01-05    0.354652
2025-01-06    0.354652
2025-01-07    0.354652
Freq: D, Name: predicted_mean, dtype: float64"
107,Beatrice Cherrier,1.9707910325173994,3.304252122267246,"2025-01-01    1.228338
2025-01-02    1.062260
2025-01-03    1.026516
2025-01-04    1.018824
2025-01-05    1.017168
2025-01-06    1.016812
2025-01-07    1.016735
Freq: D, Name: predicted_mean, dtype: float64"
108,Aminata Savadogo,13.573066632499076,39.728513009345676,"2025-01-01    89.247383
2025-01-02    66.908716
2025-01-03    53.331014
2025-01-04    45.078329
2025-01-05    40.062252
2025-01-06    37.013421
2025-01-07    35.160307
Freq: D, Name: predicted_mean, dtype: float64"
109,50minutes,0.7300540019125892,0.9355377417031695,"2025-01-01    0.864204
2025-01-02    0.774371
2025-01-03    0.770593
2025-01-04    0.770434
2025-01-05    0.770427
2025-01-06    0.770427
2025-01-07    0.770427
Freq: D, Name: predicted_mean, dtype: float64"
110,Affect (rhetoric),1.35835423204359,1.8126741786183178,"2025-01-01    1.173740
2025-01-02    1.184426
2025-01-03    1.185083
2025-01-04    1.185124
2025-01-05    1.185126
2025-01-06    1.185126
2025-01-07    1.185126
Freq: D, Name: predicted_mean, dtype: float64"
111,"Bought for a Dollar, Sold for a Dime",1.0386935198086718,1.468667479329737,"2025-01-01    0.982228
2025-01-02    0.980230
2025-01-03    0.980005
2025-01-04    0.979980
2025-01-05    0.979977
2025-01-06    0.979977
2025-01-07    0.979977
Freq: D, Name: predicted_mean, dtype: float64"
112,2012–13 PFC Levski Sofia season,1.5719197404652954,2.466347212448293,"2025-01-01    1.599937
2025-01-02    1.376845
2025-01-03    1.362207
2025-01-04    1.361246
2025-01-05    1.361183
2025-01-06    1.361179
2025-01-07    1.361179
Freq: D, Name: predicted_mean, dtype: float64"
113,1991 John Hancock Bowl,2.4474594935668215,5.513692110754926,"2025-01-01    57.564345
2025-01-02    37.862083
2025-01-03    30.315195
2025-01-04    27.424384
2025-01-05    26.317068
2025-01-06    25.892914
2025-01-07    25.730443
Freq: D, Name: predicted_mean, dtype: float64"
114,Benn John Valsø,0.3362890342609223,0.5088828854315492,"2025-01-01    0.232706
2025-01-02    0.230358
2025-01-03    0.230381
2025-01-04    0.230381
2025-01-05    0.230381
2025-01-06    0.230381
2025-01-07    0.230381
Freq: D, Name: predicted_mean, dtype: float64"
115,2016 Campeonato Gaúcho,1.3322137396481788,3.5770784644650204,"2025-01-01    1.504136
2025-01-02    1.376228
2025-01-03    1.369673
2025-01-04    1.369337
2025-01-05    1.369320
2025-01-06    1.369319
2025-01-07    1.369319
Freq: D, Name: predicted_mean, dtype: float64"
116,Antonio Ullo,0.7271390767033211,1.0847900243391766,"2025-01-01    1.173913
2025-01-02    0.709395
2025-01-03    0.652999
2025-01-04    0.646152
2025-01-05    0.645321
2025-01-06    0.645220
2025-01-07    0.645208
Freq: D, Name: predicted_mean, dtype: float64"
117,Alba Encarnación,0.6912589149400308,0.8999322290609995,"2025-01-01    0.555703
2025-01-02    0.549799
2025-01-03    0.549720
2025-01-04    0.549719
2025-01-05    0.549719
2025-01-06    0.549719
2025-01-07    0.549719
Freq: D, Name: predicted_mean, dtype: float64"
118,1983 Segunda División de Chile,0.43833771149776524,0.7212391449023722,"2025-01-01    0.157796
2025-01-02    0.171887
2025-01-03    0.173145
2025-01-04    0.173258
2025-01-05    0.173268
2025-01-06    0.173268
2025-01-07    0.173269
Freq: D, Name: predicted_mean, dtype: float64"
119,2013 British Academy Television Awards,3.362984039043935,4.789167322916036,"2025-01-01    8.736631
2025-01-02    8.087781
2025-01-03    7.958771
2025-01-04    7.933120
2025-01-05    7.928020
2025-01-06    7.927006
2025-01-07    7.926804
Freq: D, Name: predicted_mean, dtype: float64"
120,Brian McCargo,0.7164442332377348,1.0149471844274787,"2025-01-01    0.680198
2025-01-02    0.669263
2025-01-03    0.668889
2025-01-04    0.668876
2025-01-05    0.668876
2025-01-06    0.668876
2025-01-07    0.668876
Freq: D, Name: predicted_mean, dtype: float64"
121,Area code 406,18.782807422448336,36.27454306487718,"2025-01-01    70.700651
2025-01-02    71.060843
2025-01-03    71.246011
2025-01-04    71.341202
2025-01-05    71.390139
2025-01-06    71.415296
2025-01-07    71.428229
Freq: D, Name: predicted_mean, dtype: float64"
122,2009 AFL Army Award,0.42971256556383697,0.7911815884070579,"2024-12-31    0.281000
2025-01-01    0.297167
2025-01-02    0.296803
2025-01-03    0.296812
2025-01-04    0.296811
2025-01-05    0.296811
2025-01-06    0.296811
Freq: D, Name: predicted_mean, dtype: float64"
123,2010 in Japanese football,0.603923646213241,1.0353924467772817,"2025-01-01    0.300092
2025-01-02    0.320755
2025-01-03    0.322178
2025-01-04    0.322276
2025-01-05    0.322283
2025-01-06    0.322283
2025-01-07    0.322283
Freq: D, Name: predicted_mean, dtype: float64"
124,A Strange Arrangement,2.7829858554794935,3.5595400953195955,"2025-01-01    7.000744
2025-01-02    6.583835
2025-01-03    6.549067
2025-01-04    6.546168
2025-01-05    6.545926
2025-01-06    6.545906
2025-01-07    6.545904
Freq: D, Name: predicted_mean, dtype: float64"
125,2009 Liga Nacional de Ascenso,0.3149069986036228,0.5994152852400703,"2025-01-01    0.413121
2025-01-02    0.351265
2025-01-03    0.344745
2025-01-04    0.344058
2025-01-05    0.343985
2025-01-06    0.343978
2025-01-07    0.343977
Freq: D, Name: predicted_mean, dtype: float64"
126,1919 Aberdeenshire and Kincardineshire Central by-election,0.5905671106752516,0.9675687224089915,"2024-12-31    0.234614
2025-01-01    0.257886
2025-01-02    0.260194
2025-01-03    0.260423
2025-01-04    0.260446
2025-01-05    0.260448
2025-01-06    0.260449
Freq: D, Name: predicted_mean, dtype: float64"
127,2005 in Fighting Network Rings,1.1708128725771862,1.75263479238885,"2025-01-01    0.962097
2025-01-02    0.949552
2025-01-03    0.945399
2025-01-04    0.944025
2025-01-05    0.943570
2025-01-06    0.943420
2025-01-07    0.943370
Freq: D, Name: predicted_mean, dtype: float64"
128,Alexandra Stréliski,15.147518155199071,46.34109259139318,"2025-01-01    29.777309
2025-01-02    30.124950
2025-01-03    30.192949
2025-01-04    30.206249
2025-01-05    30.208851
2025-01-06    30.209359
2025-01-07    30.209459
Freq: D, Name: predicted_mean, dtype: float64"
129,Bad Medicine,1.448217536247048,2.1609285391550057,"2025-01-01    1.573128
2025-01-02    1.282603
2025-01-03    1.247824
2025-01-04    1.243660
2025-01-05    1.243162
2025-01-06    1.243102
2025-01-07    1.243095
Freq: D, Name: predicted_mean, dtype: float64"
130,20th Lancers (British Indian Army),2.06419715311139,2.7054322498375063,"2025-01-01    3.553285
2025-01-02    3.522752
2025-01-03    3.520665
2025-01-04    3.520522
2025-01-05    3.520512
2025-01-06    3.520511
2025-01-07    3.520511
Freq: D, Name: predicted_mean, dtype: float64"
131,All People's Party (UK),1.6055855003727506,2.2239087515375076,"2025-01-01    1.933219
2025-01-02    1.912565
2025-01-03    1.906177
2025-01-04    1.904201
2025-01-05    1.903590
2025-01-06    1.903401
2025-01-07    1.903343
Freq: D, Name: predicted_mean, dtype: float64"
132,Bolster (surname),0.5392824082509269,0.7225854540372347,"2024-12-31    0.316121
2025-01-01    0.333059
2025-01-02    0.332639
2025-01-03    0.332650
2025-01-04    0.332649
2025-01-05    0.332649
2025-01-06    0.332649
Freq: D, Name: predicted_mean, dtype: float64"
133,Arthur Hall (New Zealand politician),0.5753080252083477,1.0271391463344963,"2025-01-01    0.968728
2025-01-02    0.522497
2025-01-03    0.424468
2025-01-04    0.402934
2025-01-05    0.398203
2025-01-06    0.397163
2025-01-07    0.396935
Freq: D, Name: predicted_mean, dtype: float64"
134,Brit Asia TV,2.8434543016853384,4.335085596020953,"2025-01-01    5.922039
2025-01-02    6.170606
2025-01-03    6.237615
2025-01-04    6.255680
2025-01-05    6.260550
2025-01-06    6.261863
2025-01-07    6.262217
Freq: D, Name: predicted_mean, dtype: float64"
135,Archaeological Museum of Paros,1.5793137598982026,2.630844386422298,"2025-01-01    1.266594
2025-01-02    1.260848
2025-01-03    1.260972
2025-01-04    1.260969
2025-01-05    1.260969
2025-01-06    1.260969
2025-01-07    1.260969
Freq: D, Name: predicted_mean, dtype: float64"
136,Borneo Lodge of Harmony,0.5871109734337356,0.8655868007048969,"2025-01-01    0.295800
2025-01-02    0.305901
2025-01-03    0.306246
2025-01-04    0.306258
2025-01-05    0.306258
2025-01-06    0.306258
2025-01-07    0.306258
Freq: D, Name: predicted_mean, dtype: float64"
137,Arbor Lakes,2.209289559270864,3.0375903666123953,"2025-01-01    7.081558
2025-01-02    7.361807
2025-01-03    7.399538
2025-01-04    7.404618
2025-01-05    7.405302
2025-01-06    7.405394
2025-01-07    7.405407
Freq: D, Name: predicted_mean, dtype: float64"
138,Achyrocline mollis,0.4834774205921093,0.6844414094753872,"2025-01-01    0.327714
2025-01-02    0.339947
2025-01-03    0.340404
2025-01-04    0.340421
2025-01-05    0.340422
2025-01-06    0.340422
2025-01-07    0.340422
Freq: D, Name: predicted_mean, dtype: float64"
139,Bogess Creek,0.32093745530982043,0.5257020157209606,"2025-01-01    0.305123
2025-01-02    0.312608
2025-01-03    0.312528
2025-01-04    0.312528
2025-01-05    0.312528
2025-01-06    0.312528
2025-01-07    0.312528
Freq: D, Name: predicted_mean, dtype: float64"
140,1997–98 Inverness Caledonian Thistle F.C. season,0.7828310042740427,1.2007763072232056,"2025-01-01    0.574824
2025-01-02    0.562096
2025-01-03    0.561715
2025-01-04    0.561703
2025-01-05    0.561703
2025-01-06    0.561703
2025-01-07    0.561703
Freq: D, Name: predicted_mean, dtype: float64"
141,Alicyn Packard,33.2128088110161,40.589108913202054,"2025-01-01    0.000000
2025-01-02    0.498374
2025-01-03    0.000000
2025-01-04    0.080216
2025-01-05    0.003912
2025-01-06    0.030280
2025-01-07    0.021168
Freq: D, Name: predicted_mean, dtype: float64"
142,AMY2A,1.7423331495674554,2.3119687762081162,"2025-01-01    2.979803
2025-01-02    3.066346
2025-01-03    3.073991
2025-01-04    3.074666
2025-01-05    3.074725
2025-01-06    3.074731
2025-01-07    3.074731
Freq: D, Name: predicted_mean, dtype: float64"
143,BHN (disambiguation),0.9068179781864929,1.2695112005954488,"2025-01-01    0.845543
2025-01-02    0.912260
2025-01-03    0.917525
2025-01-04    0.917940
2025-01-05    0.917973
2025-01-06    0.917975
2025-01-07    0.917975
Freq: D, Name: predicted_mean, dtype: float64"
144,Big Whiteshell Lake,1.1264889975946828,1.5411847268723085,"2025-01-01    0.918415
2025-01-02    0.818907
2025-01-03    0.809752
2025-01-04    0.808909
2025-01-05    0.808832
2025-01-06    0.808825
2025-01-07    0.808824
Freq: D, Name: predicted_mean, dtype: float64"
145,2012–13 PFC Cherno More Varna season,0.6739647962806511,2.445869064612796,"2025-01-01    0.340170
2025-01-02    0.471905
2025-01-03    0.461449
2025-01-04    0.462279
2025-01-05    0.462213
2025-01-06    0.462219
2025-01-07    0.462218
Freq: D, Name: predicted_mean, dtype: float64"
146,Allium nanodes,0.4429081098502376,0.6771381315773843,"2025-01-01    0.316714
2025-01-02    0.285646
2025-01-03    0.284233
2025-01-04    0.284169
2025-01-05    0.284166
2025-01-06    0.284166
2025-01-07    0.284166
Freq: D, Name: predicted_mean, dtype: float64"
147,270th Infantry Division (Wehrmacht),1.1475616380552833,1.5530597806138462,"2025-01-01    1.443644
2025-01-02    1.388969
2025-01-03    1.387049
2025-01-04    1.386981
2025-01-05    1.386979
2025-01-06    1.386979
2025-01-07    1.386979
Freq: D, Name: predicted_mean, dtype: float64"
148,Alvin Saunders Johnson,3.0702130304142026,4.990997039909813,"2025-01-01    6.135875
2025-01-02    6.176164
2025-01-03    6.177593
2025-01-04    6.177643
2025-01-05    6.177645
2025-01-06    6.177645
2025-01-07    6.177645
Freq: D, Name: predicted_mean, dtype: float64"
149,Barbarea balcana,0.6923573345675645,0.90547771249759,"2025-01-01    0.378906
2025-01-02    0.381465
2025-01-03    0.381482
2025-01-04    0.381482
2025-01-05    0.381482
2025-01-06    0.381482
2025-01-07    0.381482
Freq: D, Name: predicted_mean, dtype: float64"
150,Anti-nRNP,4.381294232863881,5.594604856185431,"2025-01-01    8.776706
2025-01-02    9.107977
2025-01-03    9.169743
2025-01-04    9.181260
2025-01-05    9.183407
2025-01-06    9.183807
2025-01-07    9.183882
Freq: D, Name: predicted_mean, dtype: float64"
151,Beat Box (SpotemGottem song),60.16955454782105,284.1363224435374,"2025-01-01    27.622063
2025-01-02    27.779857
2025-01-03    27.795207
2025-01-04    27.796700
2025-01-05    27.796845
2025-01-06    27.796859
2025-01-07    27.796861
Freq: D, Name: predicted_mean, dtype: float64"
152,10K Plan,1.1578628936007778,3.013298596347339,"2025-01-01    1.133550
2025-01-02    1.138764
2025-01-03    1.138968
2025-01-04    1.138976
2025-01-05    1.138976
2025-01-06    1.138976
2025-01-07    1.138976
Freq: D, Name: predicted_mean, dtype: float64"
153,Barry Liebmann,0.9296757449034362,2.821286931812972,"2025-01-01    0.800086
2025-01-02    0.797509
2025-01-03    0.797476
2025-01-04    0.797476
2025-01-05    0.797476
2025-01-06    0.797476
2025-01-07    0.797476
Freq: D, Name: predicted_mean, dtype: float64"
154,2009 Serbia Open,1.7171684496349289,4.36013777183361,"2025-01-01    1.697023
2025-01-02    1.618249
2025-01-03    1.597768
2025-01-04    1.592443
2025-01-05    1.591058
2025-01-06    1.590698
2025-01-07    1.590605
Freq: D, Name: predicted_mean, dtype: float64"
155,7.7 cm FK 96 n.A.,9.535069099346504,13.465810210242264,"2025-01-01    55.118409
2025-01-02    54.997512
2025-01-03    54.980932
2025-01-04    54.978659
2025-01-05    54.978347
2025-01-06    54.978304
2025-01-07    54.978298
Freq: D, Name: predicted_mean, dtype: float64"
156,Andreas Lind,0.44245855038602516,0.6538225450936209,"2025-01-01    0.447782
2025-01-02    0.488830
2025-01-03    0.492593
2025-01-04    0.492938
2025-01-05    0.492969
2025-01-06    0.492972
2025-01-07    0.492972
Freq: D, Name: predicted_mean, dtype: float64"
157,Bhupendra,4.228347349582662,67.22005266559663,"2025-01-01    2.584652
2025-01-02    2.601010
2025-01-03    2.601114
2025-01-04    2.601114
2025-01-05    2.601114
2025-01-06    2.601114
2025-01-07    2.601114
Freq: D, Name: predicted_mean, dtype: float64"
158,1955 in Thailand,0.7659078192134877,1.02034140577302,"2025-01-01    0.886015
2025-01-02    0.886109
2025-01-03    0.886108
2025-01-04    0.886108
2025-01-05    0.886108
2025-01-06    0.886108
2025-01-07    0.886108
Freq: D, Name: predicted_mean, dtype: float64"
159,Actinocephalus,0.9612892097270609,1.3601945053834723,"2025-01-01    0.938430
2025-01-02    0.935231
2025-01-03    0.935065
2025-01-04    0.935056
2025-01-05    0.935056
2025-01-06    0.935056
2025-01-07    0.935056
Freq: D, Name: predicted_mean, dtype: float64"
160,Bedrettin Yıldızeli,0.9489390935286084,1.335564471773709,"2024-12-31    1.062401
2025-01-01    1.208906
2025-01-02    1.229109
2025-01-03    1.231895
2025-01-04    1.232279
2025-01-05    1.232332
2025-01-06    1.232339
Freq: D, Name: predicted_mean, dtype: float64"
161,Architectural rendering,10.123141400375676,14.581475978470989,"2025-01-01    24.724735
2025-01-02    25.926491
2025-01-03    26.456531
2025-01-04    26.690307
2025-01-05    26.793415
2025-01-06    26.838892
2025-01-07    26.858949
Freq: D, Name: predicted_mean, dtype: float64"
162,Bibliography and Index of Geology,0.7444357708758694,2.764584563731957,"2025-01-01    0.524249
2025-01-02    0.530371
2025-01-03    0.530442
2025-01-04    0.530443
2025-01-05    0.530443
2025-01-06    0.530443
2025-01-07    0.530443
Freq: D, Name: predicted_mean, dtype: float64"
163,Boulder Hills (Montana),0.6130079946589909,0.7901909399106339,"2025-01-01    0.528264
2025-01-02    0.495644
2025-01-03    0.493388
2025-01-04    0.493232
2025-01-05    0.493221
2025-01-06    0.493220
2025-01-07    0.493220
Freq: D, Name: predicted_mean, dtype: float64"
164,2009–10 FIS Ski Jumping World Cup,3.6858290356649994,6.757883237396921,"2025-01-01    15.469388
2025-01-02    15.579378
2025-01-03    15.605152
2025-01-04    15.611191
2025-01-05    15.612606
2025-01-06    15.612938
2025-01-07    15.613016
Freq: D, Name: predicted_mean, dtype: float64"
165,Al-Shatrah,3.099015685928996,4.599680113321782,"2025-01-01    13.247522
2025-01-02    13.296936
2025-01-03    13.306801
2025-01-04    13.308771
2025-01-05    13.309164
2025-01-06    13.309242
2025-01-07    13.309258
Freq: D, Name: predicted_mean, dtype: float64"
166,Armand DiMele,1.4860631545236873,2.064667755316478,"2025-01-01    1.461878
2025-01-02    1.523484
2025-01-03    1.531701
2025-01-04    1.532797
2025-01-05    1.532943
2025-01-06    1.532963
2025-01-07    1.532965
Freq: D, Name: predicted_mean, dtype: float64"
167,Belarusian Democratic Republic 100th Jubilee Medal,2.7327484136549414,4.46246077946111,"2025-01-01    4.154646
2025-01-02    4.443635
2025-01-03    4.515964
2025-01-04    4.534067
2025-01-05    4.538598
2025-01-06    4.539732
2025-01-07    4.540016
Freq: D, Name: predicted_mean, dtype: float64"
168,Bloomingdale Troopers,0.8220100143012583,1.1484267379395612,"2025-01-01    0.580486
2025-01-02    0.606108
2025-01-03    0.607239
2025-01-04    0.607289
2025-01-05    0.607291
2025-01-06    0.607291
2025-01-07    0.607291
Freq: D, Name: predicted_mean, dtype: float64"
169,2010 Baltimore Orioles season,4.035605107565526,6.036081512116364,"2025-01-01    5.428425
2025-01-02    5.514546
2025-01-03    5.531858
2025-01-04    5.535339
2025-01-05    5.536038
2025-01-06    5.536179
2025-01-07    5.536207
Freq: D, Name: predicted_mean, dtype: float64"
170,1987 Chapeltown riot,2.5257800054245076,4.902189819349382,"2025-01-01    3.835251
2025-01-02    3.748459
2025-01-03    3.702736
2025-01-04    3.678648
2025-01-05    3.665959
2025-01-06    3.659274
2025-01-07    3.655752
Freq: D, Name: predicted_mean, dtype: float64"
171,Acacia courtii,1.781180039094545,2.551934701749642,"2025-01-01    2.123561
2025-01-02    2.143111
2025-01-03    2.146205
2025-01-04    2.146694
2025-01-05    2.146771
2025-01-06    2.146784
2025-01-07    2.146786
Freq: D, Name: predicted_mean, dtype: float64"
172,Abu Hubayra al-Basri,2.964822425546839,4.024732299208833,"2025-01-01    7.083544
2025-01-02    7.088670
2025-01-03    7.088984
2025-01-04    7.089004
2025-01-05    7.089005
2025-01-06    7.089005
2025-01-07    7.089005
Freq: D, Name: predicted_mean, dtype: float64"
173,Athletics at the 2011 All-Africa Games – Men's 200 metres,0.485628468615926,0.7885203269180828,"2025-01-01    0.209164
2025-01-02    0.222864
2025-01-03    0.223762
2025-01-04    0.223821
2025-01-05    0.223825
2025-01-06    0.223825
2025-01-07    0.223825
Freq: D, Name: predicted_mean, dtype: float64"
174,1902 Minnesota Senate election,0.7636380916863336,1.0387851058662714,"2025-01-01    0.619092
2025-01-02    0.602167
2025-01-03    0.601959
2025-01-04    0.601957
2025-01-05    0.601957
2025-01-06    0.601957
2025-01-07    0.601957
Freq: D, Name: predicted_mean, dtype: float64"
175,1961 United States gubernatorial elections,2.7164951820442247,3.6725563393174605,"2025-01-01    6.626099
2025-01-02    6.791851
2025-01-03    6.808746
2025-01-04    6.810469
2025-01-05    6.810644
2025-01-06    6.810662
2025-01-07    6.810664
Freq: D, Name: predicted_mean, dtype: float64"
176,"1st Battalion, 168th Field Artillery (Nebraska Army National Guard)",1.1462925455546429,1.8267260781556418,"2025-01-01    0.822000
2025-01-02    1.033590
2025-01-03    1.088055
2025-01-04    1.102075
2025-01-05    1.105684
2025-01-06    1.106613
2025-01-07    1.106852
Freq: D, Name: predicted_mean, dtype: float64"
177,Allium tenuissimum,0.9451529382620233,2.364757145568506,"2025-01-01    1.008418
2025-01-02    0.868261
2025-01-03    0.848451
2025-01-04    0.845650
2025-01-05    0.845255
2025-01-06    0.845199
2025-01-07    0.845191
Freq: D, Name: predicted_mean, dtype: float64"
178,Anjulie (album),2.639095300675001,9.549730949146726,"2025-01-01    2.460525
2025-01-02    2.665833
2025-01-03    2.757362
2025-01-04    2.798166
2025-01-05    2.816358
2025-01-06    2.824468
2025-01-07    2.828083
Freq: D, Name: predicted_mean, dtype: float64"
179,Arrojadoa bahiensis,0.7261617925685232,0.9508112817530855,"2025-01-01    0.666224
2025-01-02    0.611114
2025-01-03    0.609812
2025-01-04    0.609781
2025-01-05    0.609781
2025-01-06    0.609781
2025-01-07    0.609781
Freq: D, Name: predicted_mean, dtype: float64"
180,Avian,6.965245941859869,9.288394414446534,"2025-01-01    34.716879
2025-01-02    34.693101
2025-01-03    34.691104
2025-01-04    34.690936
2025-01-05    34.690922
2025-01-06    34.690921
2025-01-07    34.690921
Freq: D, Name: predicted_mean, dtype: float64"
181,1930 United States Senate special election in Ohio,1.5726166363823866,2.29972033754767,"2025-01-01    4.813110
2025-01-02    4.795968
2025-01-03    4.794395
2025-01-04    4.794251
2025-01-05    4.794238
2025-01-06    4.794237
2025-01-07    4.794237
Freq: D, Name: predicted_mean, dtype: float64"
182,2006–07 FA Cup,16.085896455529156,34.17868476692699,"2025-01-01    50.421741
2025-01-02    55.265324
2025-01-03    57.755340
2025-01-04    59.035422
2025-01-05    59.693494
2025-01-06    60.031800
2025-01-07    60.205717
Freq: D, Name: predicted_mean, dtype: float64"
183,Alphabet Synthesis Machine,0.9376886935219498,1.5056915317140067,"2025-01-01    1.171042
2025-01-02    0.826827
2025-01-03    0.762045
2025-01-04    0.749852
2025-01-05    0.747558
2025-01-06    0.747126
2025-01-07    0.747045
Freq: D, Name: predicted_mean, dtype: float64"
184,All People's Republican Party,0.8731123472459522,1.2164772454101234,"2025-01-01    1.319068
2025-01-02    1.333327
2025-01-03    1.333964
2025-01-04    1.333992
2025-01-05    1.333994
2025-01-06    1.333994
2025-01-07    1.333994
Freq: D, Name: predicted_mean, dtype: float64"
185,All Wet,2.923929662304403,4.7149142328118465,"2025-01-01    0.632775
2025-01-02    0.687314
2025-01-03    0.692015
2025-01-04    0.692420
2025-01-05    0.692455
2025-01-06    0.692458
2025-01-07    0.692458
Freq: D, Name: predicted_mean, dtype: float64"
186,Bob Gregory (comics),1.3556242221517105,3.1069712642727696,"2025-01-01    1.517908
2025-01-02    1.344743
2025-01-03    1.324510
2025-01-04    1.322146
2025-01-05    1.321870
2025-01-06    1.321838
2025-01-07    1.321834
Freq: D, Name: predicted_mean, dtype: float64"
187,1984 Japanese Regional Leagues,0.6112280016251388,1.0475117847209565,"2025-01-01    0.508730
2025-01-02    0.566085
2025-01-03    0.572551
2025-01-04    0.573281
2025-01-05    0.573363
2025-01-06    0.573372
2025-01-07    0.573373
Freq: D, Name: predicted_mean, dtype: float64"
188,Armand Montjoye,0.46357603894834326,2.1968277041895,"2024-12-31    0.287253
2025-01-01    0.291073
2025-01-02    0.291052
2025-01-03    0.291052
2025-01-04    0.291052
2025-01-05    0.291052
2025-01-06    0.291052
Freq: D, Name: predicted_mean, dtype: float64"
189,4151 Alanhale,0.8026879657737751,1.1986536225751097,"2024-12-31    0.867815
2025-01-01    0.739585
2025-01-02    0.731873
2025-01-03    0.731409
2025-01-04    0.731382
2025-01-05    0.731380
2025-01-06    0.731380
Freq: D, Name: predicted_mean, dtype: float64"
190,Acherontiscus,2.010422736022234,2.9199598930325927,"2025-01-01    3.601835
2025-01-02    3.679740
2025-01-03    3.683529
2025-01-04    3.683713
2025-01-05    3.683722
2025-01-06    3.683723
2025-01-07    3.683723
Freq: D, Name: predicted_mean, dtype: float64"
191,1957 Australian Drivers' Championship,1.2604527611958103,1.7431330092707502,"2025-01-01    1.430798
2025-01-02    1.389858
2025-01-03    1.386914
2025-01-04    1.386702
2025-01-05    1.386687
2025-01-06    1.386686
2025-01-07    1.386686
Freq: D, Name: predicted_mean, dtype: float64"
192,A Dream's a Dream,2.4032904687397267,4.692091688711907,"2025-01-01    4.849015
2025-01-02    5.100571
2025-01-03    5.134795
2025-01-04    5.139451
2025-01-05    5.140085
2025-01-06    5.140171
2025-01-07    5.140183
Freq: D, Name: predicted_mean, dtype: float64"
193,Bacalhau com todos,2.402066393902136,3.268170401116558,"2025-01-01    12.960330
2025-01-02    13.672838
2025-01-03    13.801026
2025-01-04    13.824088
2025-01-05    13.828238
2025-01-06    13.828984
2025-01-07    13.829118
Freq: D, Name: predicted_mean, dtype: float64"
194,Barbara Sykes (artist),1.0889997703740142,1.9433460970288041,"2025-01-01    0.685972
2025-01-02    0.637909
2025-01-03    0.630553
2025-01-04    0.629428
2025-01-05    0.629255
2025-01-06    0.629229
2025-01-07    0.629225
Freq: D, Name: predicted_mean, dtype: float64"
195,Booker Woodfox,2.2199055022704064,4.783379553005904,"2025-01-01    2.106701
2025-01-02    2.131064
2025-01-03    2.136627
2025-01-04    2.137897
2025-01-05    2.138187
2025-01-06    2.138253
2025-01-07    2.138268
Freq: D, Name: predicted_mean, dtype: float64"
196,Dirk (play),1.5143984110538786,1.9658295272296935,"2025-01-01    1.983174
2025-01-02    1.982043
2025-01-03    1.981966
2025-01-04    1.981961
2025-01-05    1.981961
2025-01-06    1.981961
2025-01-07    1.981961
Freq: D, Name: predicted_mean, dtype: float64"
197,A.D. Sanjoanense (rink hockey),0.6796997000144193,0.9642754865729736,"2025-01-01    0.595861
2025-01-02    0.633773
2025-01-03    0.636185
2025-01-04    0.636338
2025-01-05    0.636348
2025-01-06    0.636349
2025-01-07    0.636349
Freq: D, Name: predicted_mean, dtype: float64"
198,Bangladesh International Tutorial,2.788824620273688,4.42120196642861,"2025-01-01    6.711593
2025-01-02    5.961419
2025-01-03    5.790284
2025-01-04    5.751244
2025-01-05    5.742337
2025-01-06    5.740306
2025-01-07    5.739842
Freq: D, Name: predicted_mean, dtype: float64"
199,13th Niue Assembly,0.5101505608531508,1.3629555026740485,"2025-01-01    1.073683
2025-01-02    1.097302
2025-01-03    1.104873
2025-01-04    1.107300
2025-01-05    1.108078
2025-01-06    1.108328
2025-01-07    1.108408
Freq: D, Name: predicted_mean, dtype: float64"
